scenario,method,region,n,sites,GCR,no_array,E,erel,r,r_prod,comply,site_comply,p10,below80,LER
+3C,SALS,Africa & Middle East,40.0,8.0,0.209375,0.0,729.6090927124023,0.4619553379714489,0.896910373866558,0.8970616459846497,50.0,62.5,0.8600376367568969,2.5,1.358865711838007
+3C,SALS,Central & E. Asia (north),42.0,9.0,0.13988095238095238,0.0,425.29889533633275,0.3106702683227403,0.9133502911953699,0.9139577746391296,92.85714285714286,88.88888888888889,0.9008409023284912,0.0,1.2240205595181102
+3C,SALS,E. & SE Asia (south),60.0,12.0,0.1125,0.0,362.96596272786456,0.2615412972867489,0.9134856363137563,0.9109530448913574,83.33333333333334,91.66666666666666,0.8981062471866608,0.0,1.1750269336005053
+3C,SALS,Europe & W. Asia,27.0,7.0,0.1675925925925926,0.0,389.9897551359954,0.33777172587536,0.9164088390491627,0.9188342690467834,92.5925925925926,100.0,0.9009965419769287,0.0,1.2541805649245228
+3C,SALS,Latin America & Oceania,20.0,4.0,0.40625,0.0,1141.2576034545898,0.8351404219865799,0.9008021742105484,0.8716164827346802,60.0,75.0,0.736897599697113,15.0,1.7359425961971282
+3C,SALS,North America,65.0,13.0,0.25192307692307686,0.0,723.5505338228666,0.5269853385595175,0.9047622909912696,0.8999984264373779,64.61538461538461,69.23076923076923,0.830332612991333,7.6923076923076925,1.4317476295507872
+3C,SALS,South Asia,194.0,39.0,0.14999999999999997,0.0,477.54084825024165,0.34787555522832675,0.9048360850393158,0.9023909568786621,59.79381443298969,66.66666666666666,0.886874771118164,0.0,1.2527116402676426
+3C,Stress rule,Africa & Middle East,40.0,8.0,0.159375,0.0,566.5698303222656,0.3591035038232803,0.9010316401720047,0.9026377201080322,57.49999999999999,62.5,0.8801696121692657,2.5,1.260135143995285
+3C,Stress rule,Central & E. Asia (north),42.0,9.0,0.09880952380952382,0.0,304.8176527477446,0.22593291245755695,0.914764879714875,0.9139062166213989,85.71428571428571,100.0,0.896427047252655,0.0,1.140697792172432
+3C,Stress rule,E. & SE Asia (south),60.0,12.0,0.10000000000000002,0.0,332.8065635681152,0.2400176798303922,0.9006558209657669,0.8999678492546082,63.33333333333333,58.333333333333336,0.8637000441551208,0.0,1.140673500796159
+3C,Stress rule,Europe & W. Asia,27.0,7.0,0.12500000000000003,0.0,319.91028397171584,0.26616316426683356,0.9159965493060924,0.9183079600334167,92.5925925925926,100.0,0.9012834668159485,0.0,1.182159713572926
+3C,Stress rule,Latin America & Oceania,20.0,4.0,0.19375,0.0,588.1494689941406,0.43730046674609185,0.8863138765096664,0.8806201219558716,55.00000000000001,25.0,0.8331661939620971,0.0,1.3236143432557583
+3C,Stress rule,North America,65.0,13.0,0.11923076923076924,0.0,371.9042931189904,0.26700378209352493,0.9128233717038081,0.9116280674934387,78.46153846153847,76.92307692307693,0.8917325019836426,0.0,1.179827153797333
+3C,Stress rule,South Asia,194.0,39.0,0.09935567010309278,0.0,330.1903576408465,0.2402017384613912,0.9107593208858648,0.9100643992424011,75.25773195876289,82.05128205128204,0.8932031691074371,0.0,1.150961059347256
baseline,SALS,Africa & Middle East,40.0,8.0,0.20625,0.0,688.593424987793,0.4292053110897541,0.8955621853470802,0.8938823342323303,62.5,62.5,0.8810338497161865,5.0,1.3247674964368343
baseline,SALS,Central & E. Asia (north),42.0,9.0,0.14583333333333334,0.0,424.476082938058,0.3050623635450999,0.9117939216750008,0.9126386046409607,83.33333333333334,77.77777777777779,0.8977750182151795,0.0,1.2168562852201008
baseline,SALS,E. & SE Asia (south),60.0,12.0,0.1125,0.0,357.15817540486654,0.2546133096019427,0.9092342724402745,0.9102360606193542,86.66666666666667,100.0,0.8992203831672668,0.0,1.1638475820422172
baseline,SALS,Europe & W. Asia,27.0,7.0,0.17870370370370367,0.0,394.79611940737124,0.3356083874349241,0.9124592608875699,0.9152005314826965,77.77777777777779,85.71428571428571,0.8961603283882141,0.0,1.248067648322494
baseline,SALS,Latin America & Oceania,20.0,4.0,0.40625,0.0,1090.4291687011719,0.7894042626023292,0.9127486437559128,0.8623533844947815,60.0,75.0,0.7639703273773193,25.0,1.7021529063582421
baseline,SALS,North America,65.0,13.0,0.26346153846153847,0.0,722.3503422663762,0.5214510243672591,0.9039086231818566,0.9003313183784485,67.6923076923077,69.23076923076923,0.8113051533699036,7.6923076923076925,1.4253596475491157
baseline,SALS,South Asia,194.0,39.0,0.1360824742268041,0.0,423.94577899421614,0.30549867259165675,0.9036385662776908,0.9018646478652954,64.43298969072166,66.66666666666666,0.8870841979980468,0.0,1.2091372388693475
baseline,Stress rule,Africa & Middle East,40.0,8.0,0.178125,0.0,598.3335861206054,0.37421545200049877,0.8964792415499687,0.8972851037979126,62.5,75.0,0.8787905633449554,5.0,1.2706946935504675
baseline,Stress rule,Central & E. Asia (north),42.0,9.0,0.10773809523809524,0.0,319.49061112176804,0.23379603383086978,0.9112657209237417,0.9128336906433105,78.57142857142857,77.77777777777779,0.8927432179450989,0.0,1.1450617547546114
baseline,Stress rule,E. & SE Asia (south),60.0,12.0,0.10208333333333333,0.0,330.9366694132487,0.23632536282142003,0.9030094484488169,0.9082947969436646,80.0,75.0,0.8798921763896942,0.0,1.139334811270237
baseline,Stress rule,Europe & W. Asia,27.0,7.0,0.12500000000000003,0.0,299.6423718487775,0.2502496557103263,0.9141562868047644,0.9135302305221558,85.18518518518519,100.0,0.8934087872505188,0.0,1.1644059425150906
baseline,Stress rule,Latin America & Oceania,20.0,4.0,0.2874999999999999,0.0,809.4317276000977,0.5862553544342518,0.8746488869190217,0.8554939031600952,40.0,25.0,0.8207065463066101,10.0,1.4609042413532733
baseline,Stress rule,North America,65.0,13.0,0.13076923076923078,0.0,386.39988919771633,0.27490789546416355,0.9193949580192566,0.9178882241249084,89.23076923076924,100.0,0.9003121614456177,0.0,1.1943028534834201
baseline,Stress rule,South Asia,194.0,39.0,0.10644329896907218,0.0,343.6201509298738,0.24704342435315713,0.9080410688808284,0.9088390469551086,75.77319587628865,82.05128205128204,0.8923082172870636,0.0,1.1550844932339854
