scenario,method,n,sites,GCR,no_array,E,erel,r,r_prod,comply,site_comply,p10,below80,LER
baseline,AV static,448.0,92.0,0.05223214285714285,0.0,190.1452088356018,0.1368517093360424,0.9236136760030474,0.9216062426567078,98.88392857142857,98.91304347826086,0.9091494679450989,0.0,1.0604653853390897
baseline,Seasonal sharing,448.0,92.0,0.13800223214285715,0.0,334.0106699807303,0.23864091147801705,0.9166477938581791,0.9151721596717834,90.625,95.65217391304348,0.900557816028595,0.0,1.155288705336196
baseline,Phenology rule,448.0,92.0,0.13850446428571428,0.0,384.62745019367765,0.2743165642688317,0.9176835480279156,0.9158769249916077,90.84821428571429,95.65217391304348,0.9009529054164886,0.0,1.1920001122967474
baseline,Stress rule,448.0,92.0,0.1032924107142857,0.0,322.52305105754306,0.22996725945267826,0.9199560919244375,0.9200626015663147,92.85714285714286,97.82608695652173,0.9024293065071106,0.0,1.1499233513771157
baseline,SALS,448.0,92.0,0.13225446428571427,0.0,397.20284455163136,0.2834187156986445,0.9215309017204812,0.9190964698791504,91.96428571428571,96.73913043478261,0.9010605156421662,0.0,1.2049496174191259
+3C,AV static,448.0,92.0,0.054408482142857144,0.0,195.6322214092527,0.1425320875298764,0.9253488394564816,0.9240116477012634,98.88392857142857,100.0,0.9091527700424195,0.0,1.067880926986358
+3C,Seasonal sharing,448.0,92.0,0.1400111607142857,0.0,335.3888303552355,0.24256597263073282,0.9185211562684604,0.9170138835906982,90.17857142857143,98.91304347826086,0.900401908159256,0.0,1.1610871288991933
+3C,Phenology rule,448.0,92.0,0.14135044642857142,0.0,408.03677116121565,0.2946599802734064,0.9195341997380767,0.9178175926208496,89.95535714285714,97.82608695652173,0.8999734103679657,0.0,1.2141941800114833
+3C,Stress rule,448.0,92.0,0.09520089285714284,0.0,308.26293594496593,0.2225804173254541,0.921249241302056,0.9204729199409485,93.75,97.82608695652173,0.9031161069869995,0.0,1.14382965862751
+3C,SALS,448.0,92.0,0.13699776785714285,0.0,424.6548865182059,0.30680712864601184,0.9224556773634893,0.9196383357048035,93.30357142857143,96.73913043478261,0.9018236935138703,0.0,1.2292628060095012
