design,scenario,method,n,sites,GCR,no_array,E,erel,r,r_prod,comply,site_comply,p10,below80,LER
mean,baseline,Phenology rule,448.0,92.0,0.1696986607142857,0.0,464.6556381157466,0.33104766552735654,0.9044715042359063,0.9022423624992371,68.52678571428571,75.0,0.8869407832622528,1.3392857142857142,1.2355191697632628
mean,baseline,SALS (fixed-rho net),448.0,92.0,0.1732142857142857,0.0,509.97222093173434,0.36443794881259756,0.9054089369518417,0.9020689129829407,70.08928571428571,73.91304347826086,0.8826809883117676,2.6785714285714284,1.2698468857644392
mean,baseline,SALS chance-trained,448.0,92.0,0.17901785714285715,0.0,502.0071932247707,0.35846464462312205,0.9042156163070884,0.9007795453071594,66.07142857142857,71.73913043478261,0.8829245090484619,2.6785714285714284,1.2626802609302104
mean,+3C,Phenology rule,448.0,92.0,0.1751674107142857,0.0,498.60447662217274,0.36002033619609264,0.904783759133092,0.9023226499557495,67.1875,71.73913043478261,0.8848094820976258,1.3392857142857142,1.2648040953291846
mean,+3C,SALS (fixed-rho net),448.0,92.0,0.17661830357142858,0.0,539.8514727524349,0.39014150085859,0.9065917341836861,0.9035595655441284,67.85714285714286,75.0,0.8773437738418579,2.0089285714285716,1.2967332350422762
mean,+3C,SALS chance-trained,448.0,92.0,0.18152901785714287,0.0,529.7662768023355,0.3827153565362096,0.9071216874622873,0.9039543867111206,68.97321428571429,76.08695652173914,0.8768241703510284,2.232142857142857,1.289837043998497
chance,baseline,Phenology rule,448.0,92.0,0.13850446428571428,0.0,384.62745019367765,0.2743165642688317,0.9176835480279156,0.9158769249916077,90.84821428571429,95.65217391304348,0.9009529054164886,0.0,1.1920001122967474
chance,baseline,SALS (fixed-rho net),448.0,92.0,0.13225446428571427,0.0,397.20284455163136,0.2834187156986445,0.9215309017204812,0.9190964698791504,91.96428571428571,96.73913043478261,0.9010605156421662,0.0,1.2049496174191259
chance,baseline,SALS chance-trained,448.0,92.0,0.136328125,0.0,388.0574643952506,0.2767869538760611,0.920929026390825,0.9178906679153442,92.63392857142857,97.82608695652173,0.9013281047344208,0.0,1.1977159802668862
chance,+3C,Phenology rule,448.0,92.0,0.14135044642857142,0.0,408.03677116121565,0.2946599802734064,0.9195341997380767,0.9178175926208496,89.95535714285714,97.82608695652173,0.8999734103679657,0.0,1.2141941800114833
chance,+3C,SALS (fixed-rho net),448.0,92.0,0.13699776785714285,0.0,424.6548865182059,0.30680712864601184,0.9224556773634893,0.9196383357048035,93.30357142857143,96.73913043478261,0.9018236935138703,0.0,1.2292628060095012
chance,+3C,SALS chance-trained,448.0,92.0,0.14090401785714285,0.0,416.20007760184154,0.30060195583584054,0.9225488736161164,0.9197813272476196,92.1875,95.65217391304348,0.9015392601490021,0.0,1.2231508294519569
