split,a,b,diff,lo,hi,median,pairs
0,SALS,Optimised ramp schedule,0.006971275573596364,0.0014201921713538576,0.01308883399469777,0.0009658515453339067,32
0,SALS,Tuned phenology rule,0.01655766065232455,0.008434998359298326,0.0263844146428164,0.005552884936332658,32
0,SALS,Phenology rule,0.037457843217998735,0.013938594040228054,0.06771970035159028,0.007999645173549674,32
1,SALS,Optimised ramp schedule,0.010067826681412186,0.0014468022507543434,0.022624594132201057,0.0014850661158561929,26
1,SALS,Tuned phenology rule,0.02515952346416619,0.010235702683432758,0.04270342666512493,0.010279533267021246,26
1,SALS,Phenology rule,0.06641991465137555,0.03453452771672835,0.10140624249927122,0.01805650591850283,26
2,SALS,Optimised ramp schedule,0.0049676848167464855,-0.00207523244193621,0.011946156077796474,0.0018862694501875499,35
2,SALS,Tuned phenology rule,0.013757608348415015,0.0083718059155203,0.01963849344707672,0.010094618797302335,35
2,SALS,Phenology rule,0.041873167724836416,0.025800519116577617,0.060386732861754375,0.018321788311004727,35
