method,site,net90
AV static,0,8469.482643134874
AV static,3,16700.38451148194
AV static,6,7840.832042697808
AV static,24,7471.605587009331
AV static,30,6063.417017940425
AV static,33,2004.7244491614292
AV static,39,3044.1456027068107
AV static,42,8519.019687656304
AV static,45,6194.356508258721
AV static,57,29343.60844994706
AV static,60,6140.077569965266
AV static,63,6020.432674411675
AV static,66,11511.504794843473
AV static,69,7054.124780658623
AV static,72,11051.758292213046
AV static,75,3658.1131534613596
AV static,78,7596.425248149773
AV static,81,4995.806895259759
AV static,93,2570.606771472834
AV static,96,1447.9459257163016
AV static,99,4708.234859470269
AV static,105,7486.690032009026
AV static,111,2419.879179958247
AV static,114,7952.590909961602
AV static,120,3627.85778904333
AV static,123,11394.753366474053
AV static,126,4966.610206607722
AV static,129,5585.48688793554
AV static,132,4638.345993999383
AV static,138,7235.150577548882
AV static,144,9330.511267665765
AV static,147,6788.888324741265
AV static,150,4289.030481342215
AV static,159,7982.205491069695
AV static,162,6692.577560428521
AV static,165,1643.4871673621146
AV static,171,1614.2813873328178
AV static,174,4154.1142311133335
AV static,177,14153.585561759752
AV static,183,1857.6826477087943
AV static,186,6214.132453922173
AV static,189,5183.968215946099
AV static,192,6950.426551822564
AV static,195,3746.6061935461967
AV static,201,3911.31775665655
AV static,204,4001.480564121146
AV static,207,5902.445961002251
AV static,210,6571.0994415320365
AV static,213,1781.4949531592338
AV static,216,6231.391662601371
AV static,219,7654.057618442914
AV static,222,6549.985923770806
AV static,231,5455.54551697149
AV static,234,5068.718151096244
AV static,243,8187.679435733697
AV static,246,6901.173667911431
AV static,255,6484.563957218072
AV static,258,6820.64922714605
AV static,267,4947.71610832586
AV static,270,5928.1509580649345
AV static,294,5635.251197818659
AV static,303,7569.29778481273
AV static,315,8862.539554599663
AV static,318,7027.177677158257
AV static,327,5196.8185863532035
AV static,330,6007.613777164361
AV static,333,10395.123046878716
AV static,342,1229.9281129874198
AV static,348,2953.564453128716
AV static,354,-265.13809966669396
AV static,369,552.6620025671928
AV static,372,9432.799274452009
AV static,378,9235.386024478814
AV static,381,1106.55454254522
AV static,390,1441.098972324271
AV static,399,11851.187820442003
Optimised ramp schedule,0,3218.2850322946324
Optimised ramp schedule,3,7554.29927543542
Optimised ramp schedule,6,11664.66310883683
Optimised ramp schedule,24,8776.933780677602
Optimised ramp schedule,30,10028.86927033214
Optimised ramp schedule,33,1251.1070613935408
Optimised ramp schedule,39,3339.339571483415
Optimised ramp schedule,42,13102.16667366771
Optimised ramp schedule,45,9414.574256904409
Optimised ramp schedule,57,29380.450972586812
Optimised ramp schedule,60,4971.892171863457
Optimised ramp schedule,63,6795.193159110826
Optimised ramp schedule,66,16498.9040827937
Optimised ramp schedule,69,12992.721509948336
Optimised ramp schedule,72,-5363.618365012197
Optimised ramp schedule,75,4248.812253482622
Optimised ramp schedule,78,18624.038127910317
Optimised ramp schedule,81,2131.6501951291975
Optimised ramp schedule,93,552.0954198948712
Optimised ramp schedule,96,-3906.731127727806
Optimised ramp schedule,99,2518.200251586717
Optimised ramp schedule,105,8732.016079910081
Optimised ramp schedule,111,-2841.5842494890276
Optimised ramp schedule,114,2999.925380717934
Optimised ramp schedule,120,-640.308287613112
Optimised ramp schedule,123,14877.415881164354
Optimised ramp schedule,126,6293.615162856859
Optimised ramp schedule,129,2854.362204559129
Optimised ramp schedule,132,917.0464477613386
Optimised ramp schedule,138,4732.055737506569
Optimised ramp schedule,144,18352.023860465713
Optimised ramp schedule,147,8870.64179898423
Optimised ramp schedule,150,-196.4863510057512
Optimised ramp schedule,159,7640.770605098427
Optimised ramp schedule,162,16408.06298257407
Optimised ramp schedule,165,-948.3061981126848
Optimised ramp schedule,171,-1061.5285224840227
Optimised ramp schedule,174,5304.467857368269
Optimised ramp schedule,177,11126.311143889987
Optimised ramp schedule,183,-125.8570785448137
Optimised ramp schedule,186,5447.632278449815
Optimised ramp schedule,189,7435.955749519155
Optimised ramp schedule,192,11190.268554702365
Optimised ramp schedule,195,4823.1659164503035
Optimised ramp schedule,201,2672.739868171495
Optimised ramp schedule,204,6182.713466651723
Optimised ramp schedule,207,9148.611427314565
Optimised ramp schedule,210,9166.651748664659
Optimised ramp schedule,213,182.45901490001052
Optimised ramp schedule,216,8869.17133332042
Optimised ramp schedule,219,23350.732354007603
Optimised ramp schedule,222,10377.337326057237
Optimised ramp schedule,231,6253.8534164503035
Optimised ramp schedule,234,10069.717540752114
Optimised ramp schedule,243,12474.38633156566
Optimised ramp schedule,246,11306.73900986461
Optimised ramp schedule,255,17286.18750383699
Optimised ramp schedule,258,11248.908580787462
Optimised ramp schedule,267,10385.040316596584
Optimised ramp schedule,270,15329.4742374606
Optimised ramp schedule,294,4286.545867923638
Optimised ramp schedule,303,6989.656080271976
Optimised ramp schedule,315,14257.79464531688
Optimised ramp schedule,318,11799.56830788402
Optimised ramp schedule,327,9805.882082000338
Optimised ramp schedule,330,7984.074218757429
Optimised ramp schedule,333,28037.99310304221
Optimised ramp schedule,342,-6163.900805458463
Optimised ramp schedule,348,3228.077461250108
Optimised ramp schedule,354,-3521.269004814345
Optimised ramp schedule,369,-3487.1528701670723
Optimised ramp schedule,372,8437.605607365525
Optimised ramp schedule,378,24652.71089173849
Optimised ramp schedule,381,-6074.984122261441
Optimised ramp schedule,390,-12462.833211872785
Optimised ramp schedule,399,15110.207223907077
Phenology rule,0,-5653.48763463652
Phenology rule,3,-4510.082162350489
Phenology rule,6,6920.453018199623
Phenology rule,24,6813.839353568834
Phenology rule,30,9306.712904460706
Phenology rule,33,119.84218025950759
Phenology rule,39,2173.525284297746
Phenology rule,42,11712.189668662828
Phenology rule,45,8392.7851610258
Phenology rule,57,15955.875204116033
Phenology rule,60,9064.548252113142
Phenology rule,63,4343.324001319685
Phenology rule,66,10491.271197576032
Phenology rule,69,7206.7764568477505
Phenology rule,72,-16821.994570218114
Phenology rule,75,2738.058553226274
Phenology rule,78,16848.945237170883
Phenology rule,81,16.29683781413405
Phenology rule,93,-2297.9126586802595
Phenology rule,96,-7223.4924564250105
Phenology rule,99,28.28570080546706
Phenology rule,105,10219.38173485917
Phenology rule,111,-7188.810442913353
Phenology rule,114,-5780.660311684049
Phenology rule,120,-1880.6090583726946
Phenology rule,123,17616.01093960923
Phenology rule,126,4989.2792320325825
Phenology rule,129,353.6201810948223
Phenology rule,132,-2577.4673700258318
Phenology rule,138,180.82436181229423
Phenology rule,144,15383.19068099183
Phenology rule,147,5571.148819934548
Phenology rule,150,-4040.001149166408
Phenology rule,159,2435.5206203572125
Phenology rule,162,9673.970762263954
Phenology rule,165,-2628.109794609267
Phenology rule,171,-2674.9892539903703
Phenology rule,174,3700.6149902418074
Phenology rule,177,4911.184511199557
Phenology rule,183,-1696.6171874925676
Phenology rule,186,2748.8091583326277
Phenology rule,189,6309.247192390245
Phenology rule,192,4770.051254287326
Phenology rule,195,3690.988723762315
Phenology rule,201,405.9904022291121
Phenology rule,204,5485.309169776716
Phenology rule,207,8097.7842254713
Phenology rule,210,7585.461311347764
Phenology rule,213,-726.9015350267473
Phenology rule,216,7507.458908088487
Phenology rule,219,14344.963213819967
Phenology rule,222,9341.822319038194
Phenology rule,231,3044.1089019849715
Phenology rule,234,8561.955307017983
Phenology rule,243,11175.44445992259
Phenology rule,246,10306.088504798692
Phenology rule,255,8728.74168016384
Phenology rule,258,10191.725585944936
Phenology rule,267,5194.791999831759
Phenology rule,270,7569.100424781413
Phenology rule,294,3678.893440250298
Phenology rule,303,1102.9101944192662
Phenology rule,315,13065.322404868883
Phenology rule,318,10773.497924812116
Phenology rule,327,3181.1404953151578
Phenology rule,330,9219.847938548744
Phenology rule,333,23845.090904250705
Phenology rule,342,-11260.310379013456
Phenology rule,348,1767.66678620128
Phenology rule,354,-4894.724792473036
Phenology rule,369,-5702.559989918052
Phenology rule,372,2003.7434679815728
Phenology rule,378,20395.796272292704
Phenology rule,381,-11537.486682876981
Phenology rule,390,-18653.609432198165
Phenology rule,399,8607.556713115395
SALS,0,1411.8200378640831
SALS,3,9503.088559187847
SALS,6,12933.557531367958
SALS,24,8386.176780708116
SALS,30,9635.342566497606
SALS,33,1354.4567823484358
SALS,39,3584.8793168142256
SALS,42,12481.45227623729
SALS,45,8889.844564445299
SALS,57,29544.52564433581
SALS,60,9409.65883827953
SALS,63,6716.084213264268
SALS,66,18978.0915980562
SALS,69,15115.642393127047
SALS,72,-2566.07919713117
SALS,75,4725.423752792161
SALS,78,19027.966843616196
SALS,81,846.0131616666731
SALS,93,-1053.0653467066877
SALS,96,-5728.716977108299
SALS,99,556.8597955778059
SALS,105,7462.308444984239
SALS,111,-5978.295114506065
SALS,114,2197.5671224705584
SALS,120,-1289.2210817262712
SALS,123,19380.025942813583
SALS,126,5222.4075956418965
SALS,129,2595.724836360634
SALS,132,-2325.875308029372
SALS,138,2967.576251994793
SALS,144,18702.50981999559
SALS,147,7762.647714626015
SALS,150,-2023.5176782496565
SALS,159,5719.645451556862
SALS,162,18546.095798507296
SALS,165,-681.2032852098528
SALS,171,-697.5967826768938
SALS,174,5219.723308570661
SALS,177,18765.546831149564
SALS,183,150.76467133311598
SALS,186,5740.793533332628
SALS,189,7414.3576583936665
SALS,192,14777.04061891135
SALS,195,4716.767910011091
SALS,201,2663.265190131944
SALS,204,6178.622875221055
SALS,207,9162.900215156362
SALS,210,9330.960815437116
SALS,213,337.6860427930769
SALS,216,8792.901039130968
SALS,219,29048.469496749283
SALS,222,10233.675319679063
SALS,231,6265.310729987901
SALS,234,10531.213134776772
SALS,243,11915.62827587871
SALS,246,11061.9618892744
SALS,255,16797.593902610184
SALS,258,10860.703487403669
SALS,267,9774.910411849574
SALS,270,14932.852762240866
SALS,294,4059.1050090826957
SALS,303,6205.055562999027
SALS,315,13812.271594054979
SALS,318,11431.70612717418
SALS,327,11305.73208428915
SALS,330,11653.07513428849
SALS,333,27843.749721541964
SALS,342,-6626.910858135714
SALS,348,3296.2990188672957
SALS,354,-3702.4656143114153
SALS,369,-3438.6519470103376
SALS,372,8806.890230829473
SALS,378,24145.410675063693
SALS,381,-5340.027500137723
SALS,390,-10941.061815871604
SALS,399,18497.723329558932
Seasonal sharing,0,-15508.754228569625
Seasonal sharing,3,-12224.31196734689
Seasonal sharing,6,1457.8142795674212
Seasonal sharing,24,3786.471729285997
Seasonal sharing,30,6236.547258861348
Seasonal sharing,33,-1575.4442090913835
Seasonal sharing,39,192.12620259074538
Seasonal sharing,42,8594.413869865217
Seasonal sharing,45,6008.099028594774
Seasonal sharing,57,1253.357043296026
Seasonal sharing,60,6558.727256782335
Seasonal sharing,63,1079.2379779889998
Seasonal sharing,66,2465.2033476978177
Seasonal sharing,69,23.211685195528844
Seasonal sharing,72,-28281.412203513173
Seasonal sharing,75,488.8948121145186
Seasonal sharing,78,12450.29948521775
Seasonal sharing,81,-3954.3108787462297
Seasonal sharing,93,-5531.008631695087
Seasonal sharing,96,-10437.50993059951
Seasonal sharing,99,-3896.0916309282366
Seasonal sharing,105,3469.966884624184
Seasonal sharing,111,-11976.118601787864
Seasonal sharing,114,-13929.5830907673
Seasonal sharing,120,-4767.595013611039
Seasonal sharing,123,9940.086501132668
Seasonal sharing,126,1638.009408958238
Seasonal sharing,129,-6874.25335978347
Seasonal sharing,132,-5160.420053474623
Seasonal sharing,138,-8614.943086612999
Seasonal sharing,144,8569.853251945198
Seasonal sharing,147,-2029.4384870417744
Seasonal sharing,150,-10226.807003010093
Seasonal sharing,159,-5422.626041401203
Seasonal sharing,162,5286.144426356972
Seasonal sharing,165,-4167.889327995499
Seasonal sharing,171,-4251.339405052382
Seasonal sharing,174,888.2930603101668
Seasonal sharing,177,-1374.2873592228061
Seasonal sharing,183,-3563.77944945546
Seasonal sharing,186,-637.3649444505754
Seasonal sharing,189,4074.6703567579207
Seasonal sharing,192,-434.0873756297224
Seasonal sharing,195,1552.7572937086043
Seasonal sharing,201,-1713.5856170579973
Seasonal sharing,204,3474.3254623487446
Seasonal sharing,207,6046.060668952745
Seasonal sharing,210,4798.758934028425
Seasonal sharing,213,-2159.8167953416887
Seasonal sharing,216,4189.935394294545
Seasonal sharing,219,10236.006407160268
Seasonal sharing,222,7141.221733100694
Seasonal sharing,231,-1976.1367187425676
Seasonal sharing,234,6292.900375377358
Seasonal sharing,243,8120.2658748701
Seasonal sharing,246,7746.247426994127
Seasonal sharing,255,1948.5995979494983
Seasonal sharing,258,7672.694543845933
Seasonal sharing,267,-298.1426896937519
Seasonal sharing,270,859.3778543620938
Seasonal sharing,294,2293.998733524222
Seasonal sharing,303,-6440.137762047409
Seasonal sharing,315,9974.918752677724
Seasonal sharing,318,8275.567058570668
Seasonal sharing,327,-2148.506557449735
Seasonal sharing,330,4252.937141429604
Seasonal sharing,333,14220.146308913783
Seasonal sharing,342,-15042.037816986478
Seasonal sharing,348,-1085.4889678880754
Seasonal sharing,354,-6321.416130058487
Seasonal sharing,369,-7807.524513233482
Seasonal sharing,372,-4894.115965510452
Seasonal sharing,378,13013.060516372287
Seasonal sharing,381,-15235.965887054837
Seasonal sharing,390,-23634.46319005644
Seasonal sharing,399,5273.063568126381
Stress rule,0,1386.6293964534634
Stress rule,3,9133.625771783234
Stress rule,6,5218.0695266760795
Stress rule,24,9356.912940986436
Stress rule,30,9822.57470751552
Stress rule,33,2513.36476326732
Stress rule,39,2375.5309376753776
Stress rule,42,12859.815240867421
Stress rule,45,9026.04581833629
Stress rule,57,24811.062829997332
Stress rule,60,4806.499290470025
Stress rule,63,6928.679693229475
Stress rule,66,14959.780884757594
Stress rule,69,4703.108565334222
Stress rule,72,4119.825134303348
Stress rule,75,2996.8036780394523
Stress rule,78,13210.413409240526
Stress rule,81,2017.857460029405
Stress rule,93,480.90609551219313
Stress rule,96,-2699.983664505202
Stress rule,99,1286.2247276380476
Stress rule,105,8170.748993881029
Stress rule,111,-2717.178793899733
Stress rule,114,4018.079000953576
Stress rule,120,-62.22949122639329
Stress rule,123,20875.04924679917
Stress rule,126,5973.011705405992
Stress rule,129,3792.9850883558247
Stress rule,132,-1738.9522724077287
Stress rule,138,4588.08148575572
Stress rule,144,15447.433949001115
Stress rule,147,7522.49872113017
Stress rule,150,363.9853606298384
Stress rule,159,6568.471204765123
Stress rule,162,14024.036573421181
Stress rule,165,175.98361206426307
Stress rule,171,187.94102096929237
Stress rule,174,5332.595695503038
Stress rule,177,16617.442193999843
Stress rule,183,372.31180572881385
Stress rule,186,4927.895706184187
Stress rule,189,7142.027946479604
Stress rule,192,3860.242816928765
Stress rule,195,4779.653285987657
Stress rule,201,1716.71472168712
Stress rule,204,3227.3224926032035
Stress rule,207,8882.080207832143
Stress rule,210,9437.790840156355
Stress rule,213,639.1744270361869
Stress rule,216,8556.583755500593
Stress rule,219,11959.08856970815
Stress rule,222,10009.130622871202
Stress rule,231,5920.583053596303
Stress rule,234,7985.087333686635
Stress rule,243,11978.410724647329
Stress rule,246,11194.01960373668
Stress rule,255,12034.928916946024
Stress rule,258,11106.487508781232
Stress rule,267,9449.804758086764
Stress rule,270,12719.714921966151
Stress rule,294,4097.991548541922
Stress rule,303,5190.050441760519
Stress rule,315,13823.594588287157
Stress rule,318,11622.973018653673
Stress rule,327,8714.382248889626
Stress rule,330,11118.17492676896
Stress rule,333,27625.62855149802
Stress rule,342,-3476.3454050906294
Stress rule,348,3474.3289566114363
Stress rule,354,-4031.8498535081926
Stress rule,369,-1778.9102172777239
Stress rule,372,6017.825617483478
Stress rule,378,23484.106307998256
Stress rule,381,-4087.7757472880476
Stress rule,390,-3082.784492481529
Stress rule,399,9633.357790000715
Tuned phenology rule,0,-1173.1208286062392
Tuned phenology rule,3,-240.82833572485833
Tuned phenology rule,6,9190.428672801674
Tuned phenology rule,24,7569.389846809187
Tuned phenology rule,30,9548.580544956014
Tuned phenology rule,33,605.5362329557356
Tuned phenology rule,39,2621.9004750326094
Tuned phenology rule,42,12214.694387443345
Tuned phenology rule,45,8798.900471694753
Tuned phenology rule,57,22717.83406833178
Tuned phenology rule,60,9368.832691200056
Tuned phenology rule,63,5277.481586463731
Tuned phenology rule,66,15169.751705191971
Tuned phenology rule,69,9997.624324813449
Tuned phenology rule,72,-11101.229276619939
Tuned phenology rule,75,3337.0499048307356
Tuned phenology rule,78,17346.851765643776
Tuned phenology rule,81,709.4573240354475
Tuned phenology rule,93,-822.8817510493391
Tuned phenology rule,96,-5552.7664136775165
Tuned phenology rule,99,1157.8237104490217
Tuned phenology rule,105,7523.539262779039
Tuned phenology rule,111,-6487.360665310203
Tuned phenology rule,114,-1166.3770637400703
Tuned phenology rule,120,-1408.8502778932634
Tuned phenology rule,123,19591.363860141464
Tuned phenology rule,126,5404.521245010179
Tuned phenology rule,129,1568.3650398365826
Tuned phenology rule,132,-1803.8666295930925
Tuned phenology rule,138,1645.76374913377
Tuned phenology rule,144,16382.437058936775
Tuned phenology rule,147,6813.722262393654
Tuned phenology rule,150,-2494.9566917308002
Tuned phenology rule,159,4432.0142316929705
Tuned phenology rule,162,14237.90754128989
Tuned phenology rule,165,-2003.8820953294817
Tuned phenology rule,171,-2043.002132408339
Tuned phenology rule,174,4335.294284827989
Tuned phenology rule,177,7213.173173919284
Tuned phenology rule,183,-1030.0906753465715
Tuned phenology rule,186,3764.4111175611433
Tuned phenology rule,189,6705.3484420850655
Tuned phenology rule,192,7955.32149125632
Tuned phenology rule,195,3968.1001052930806
Tuned phenology rule,201,1525.314361579698
Tuned phenology rule,204,5756.269287116807
Tuned phenology rule,207,8528.511268623155
Tuned phenology rule,210,8076.128433234968
Tuned phenology rule,213,-482.76528929920823
Tuned phenology rule,216,8030.975982673448
Tuned phenology rule,219,18404.640602551342
Tuned phenology rule,222,9709.102035529897
Tuned phenology rule,231,4615.9986801221785
Tuned phenology rule,234,9011.80222703141
Tuned phenology rule,243,11663.7193527296
Tuned phenology rule,246,10581.760066993516
Tuned phenology rule,255,13350.859096549393
Tuned phenology rule,258,10416.29217720775
Tuned phenology rule,267,7673.72425271567
Tuned phenology rule,270,11825.349540729032
Tuned phenology rule,294,3859.3229026831614
Tuned phenology rule,303,3314.355049159305
Tuned phenology rule,315,13488.985532768053
Tuned phenology rule,318,11026.80758477001
Tuned phenology rule,327,5764.5154705196255
Tuned phenology rule,330,10179.016006480873
Tuned phenology rule,333,25217.40557099875
Tuned phenology rule,342,-11262.764325123324
Tuned phenology rule,348,2181.287048347276
Tuned phenology rule,354,-4238.017089836318
Tuned phenology rule,369,-4617.331336963951
Tuned phenology rule,372,5145.16147360698
Tuned phenology rule,378,21914.058845534884
Tuned phenology rule,381,-11289.106187801852
Tuned phenology rule,390,-16654.638441059797
Tuned phenology rule,399,12669.113155379848
