price,method,net,share_array,GCR,pairs
20,AV static,0.0,0.0,,76
20,Phenology rule,0.0,0.0,,76
20,SALS,0.0,0.0,,76
20,Seasonal sharing,0.0,0.0,,76
20,Stress rule,0.0,0.0,,76
20,Tuned phenology rule,0.0,0.0,,76
30,AV static,0.0,0.0,,76
30,Phenology rule,0.0,0.0,,76
30,SALS,0.0,0.0,,76
30,Seasonal sharing,0.0,0.0,,76
30,Stress rule,0.0,0.0,,76
30,Tuned phenology rule,0.0,0.0,,76
40,AV static,0.0,0.0,,76
40,Phenology rule,0.0,0.0,,76
40,SALS,0.0,0.0,,76
40,Seasonal sharing,0.0,0.0,,76
40,Stress rule,0.0,0.0,,76
40,Tuned phenology rule,0.0,0.0,,76
50,AV static,101.01646564090944,15.789473684210526,0.05833333333333335,76
50,Phenology rule,0.0,0.0,,76
50,SALS,0.0,0.0,,76
50,Seasonal sharing,0.0,0.0,,76
50,Stress rule,0.0,0.0,,76
50,Tuned phenology rule,0.0,0.0,,76
60,AV static,922.3224590422623,59.210526315789465,0.05777777777777776,76
60,Phenology rule,158.91467587075996,14.473684210526317,0.12272727272727271,76
60,SALS,303.9162724314696,21.052631578947366,0.13125,76
60,Seasonal sharing,0.0,0.0,,76
60,Stress rule,356.28832387802197,22.36842105263158,0.10588235294117648,76
60,Tuned phenology rule,230.37038312220702,14.473684210526317,0.12727272727272726,76
70,AV static,2480.5844954512304,80.26315789473685,0.0581967213114754,76
70,Phenology rule,1059.7056394944966,35.526315789473685,0.12222222222222223,76
70,SALS,1953.4963828331306,53.94736842105263,0.1402439024390244,76
70,Seasonal sharing,310.58919334471943,21.052631578947366,0.11875000000000001,76
70,Stress rule,1813.2591174118693,57.89473684210527,0.11136363636363637,76
70,Tuned phenology rule,1281.9041180887598,43.42105263157895,0.12424242424242424,76
80,AV static,4324.414556843647,93.42105263157895,0.059154929577464765,76
80,Phenology rule,2879.8905122679275,53.94736842105263,0.14268292682926828,76
80,SALS,4851.442969766661,69.73684210526315,0.15,76
80,Seasonal sharing,1304.7407494951055,35.526315789473685,0.1240740740740741,76
80,Stress rule,4225.351768370192,72.36842105263158,0.11636363636363639,76
80,Tuned phenology rule,3582.9367354258,64.47368421052632,0.14489795918367349,76
90,AV static,6305.393996270566,98.68421052631578,0.058666666666666645,76
90,Phenology rule,5519.113728993198,69.73684210526315,0.14339622641509436,76
90,SALS,8292.258255644183,84.21052631578947,0.153125,76
90,Seasonal sharing,2783.743836338502,51.31578947368421,0.12948717948717947,76
90,Stress rule,7079.0530621641055,85.52631578947368,0.11846153846153845,76
90,Tuned phenology rule,6607.5143469723835,80.26315789473685,0.14836065573770488,76
100,AV static,8305.55563028749,100.0,0.05855263157894735,76
100,Phenology rule,8584.024643094877,81.57894736842105,0.1459677419354838,76
100,SALS,12183.81734405768,89.47368421052632,0.15588235294117644,76
100,Seasonal sharing,4874.130826669911,69.73684210526315,0.13679245283018868,76
100,Stress rule,10199.558907620487,93.42105263157895,0.1176056338028169,76
100,Tuned phenology rule,10084.990404270839,82.89473684210526,0.1555555555555555,76
110,AV static,10309.206014701893,100.0,0.05855263157894735,76
110,Phenology rule,11974.654716305817,92.10526315789474,0.14571428571428569,76
110,SALS,16364.7699677201,98.68421052631578,0.1586666666666667,76
110,Seasonal sharing,7294.001009733101,75.0,0.1385964912280702,76
110,Stress rule,13481.379397800027,98.68421052631578,0.11666666666666667,76
110,Tuned phenology rule,13912.654747117176,94.73684210526315,0.15347222222222223,76
120,AV static,12312.8564485869,100.0,0.05855263157894735,76
120,Phenology rule,15555.232990438431,94.73684210526315,0.14930555555555555,76
120,SALS,20745.077532892534,100.0,0.16118421052631576,76
120,Seasonal sharing,9951.843452345402,82.89473684210526,0.14285714285714282,76
120,Stress rule,16856.530493570386,100.0,0.11842105263157894,76
120,Tuned phenology rule,17883.244510652192,98.68421052631578,0.15733333333333333,76
130,AV static,14316.50677475021,100.0,0.05855263157894735,76
130,Phenology rule,19251.381691680257,98.68421052631578,0.1526666666666667,76
130,SALS,25129.421764749033,100.0,0.16118421052631576,76
130,Seasonal sharing,12855.605502731458,90.78947368421053,0.1427536231884058,76
130,Stress rule,20217.92871027303,100.0,0.11842105263157894,76
130,Tuned phenology rule,22052.76848000592,100.0,0.16118421052631576,76
