ensemble,design,pairs,E,crop_loss,pairs_ok,net_60,net_90,net_120
E2,oracle,76,736.8336165364584,289.251414930925,86.57894736842107,-16383.427765290782,5721.580730802964,27826.589226896715
E2,mean response,76,764.707651158383,311.1056136105144,69.21052631578945,-17025.481154269888,5915.748380481596,28856.977915233092
E2,floor met in 75% of responses,76,701.9835393564325,285.2493545225838,78.1578947368421,-15714.108811697422,5345.397368995548,26404.903549688526
E2,floor met in 90% of responses,76,622.457830941719,229.69421866013292,89.21052631578945,-13784.012506058572,4889.722422192995,23563.45735044456
E2,floor 0.92 under mean response,76,654.8818562557823,254.03062451921014,89.4736842105263,-14799.549016760475,4846.906670912989,24493.362358586466
E2,floor 0.94 under mean response,76,521.7505426105699,185.24616419254687,97.6315789473684,-11899.437393143182,3753.0788851739208,19405.595163491023
E3,oracle,76,765.750979942188,243.05662421286107,85.26315789473684,-17126.672566029734,5845.856832235904,28818.386230501535
E3,mean response,76,785.5760876705772,276.1058186619951,70.26315789473682,-17541.576165590282,6025.706464527029,29592.98909464435
E3,floor met in 75% of responses,76,729.4382854019968,260.53078419106055,78.94736842105262,-16695.386945647148,5187.761616412751,27070.91017847266
E3,floor met in 90% of responses,76,609.3885400417395,183.69181244362866,87.63157894736841,-13723.607112312013,4558.049088940172,22839.705290192353
E3,floor 0.92 under mean response,76,694.3224272476998,227.33851726269515,84.73684210526315,-15884.024572775694,4945.6482446552955,25775.321062086296
E3,floor 0.94 under mean response,76,593.8548905422813,182.89333477218943,93.15789473684208,-13882.02717732211,3933.619538946327,21749.266255214774
