truth,design,method,sites,GCR,erel,r,comply,site_comply,p10,LER
member0,oracle,AV static,21.0,0.08137254901960782,0.21245954025025462,0.9126441805970436,78.43137254901961,76.19047619047619,0.8888136565685272,1.125103720847298
member0,oracle,Phenology rule,21.0,0.19117647058823536,0.373987067563861,0.9132372117510029,83.33333333333334,85.71428571428571,0.8913167953491211,1.2872242793148638
member0,oracle,SALS,21.0,0.18872549019607843,0.3977937263747056,0.9117533611316307,81.37254901960785,80.95238095238095,0.8878976702690125,1.3095470875063364
member0,ensemble mean,AV static,21.0,0.07401960784313724,0.19350919507297815,0.9210611938261518,88.23529411764706,85.71428571428571,0.8984509468078613,1.11457038889913
member0,ensemble mean,Phenology rule,21.0,0.2058823529411764,0.39966410763707816,0.9045464548410154,59.80392156862745,61.904761904761905,0.879211813211441,1.3042105624780935
member0,ensemble mean,SALS,21.0,0.1960784313725491,0.41048207659931746,0.906570237641241,61.76470588235294,57.14285714285714,0.8809169471263886,1.3170523142405586
member0,uncertainty-aware (LOO),AV static,21.0,0.06323529411764703,0.16532210830379934,0.9318021477437487,96.07843137254902,95.23809523809523,0.9046420574188232,1.097124256047548
member0,uncertainty-aware (LOO),Phenology rule,21.0,0.18382352941176477,0.3578575439020699,0.9168515842334897,84.31372549019608,85.71428571428571,0.8913288176059723,1.2747091281355596
member0,uncertainty-aware (LOO),SALS,21.0,0.18137254901960792,0.3789000888811607,0.9164951303425957,83.33333333333334,80.95238095238095,0.8891938209533692,1.2953952192237563
member3,oracle,AV static,21.0,0.07058823529411766,0.1846942247128954,0.9224100188881743,88.23529411764706,90.47619047619048,0.8986431181430816,1.1071042436010696
member3,oracle,Phenology rule,21.0,0.1906862745098038,0.3682187995782085,0.9126403162292406,76.47058823529412,80.95238095238095,0.8879558444023132,1.2808591158074492
member3,oracle,SALS,21.0,0.18578431372549015,0.3836367157306157,0.9126061043318581,74.50980392156863,80.95238095238095,0.8876201927661895,1.2962428200624736
member3,ensemble mean,AV static,21.0,0.07401960784313724,0.19350919507297815,0.917744926962198,80.3921568627451,76.19047619047619,0.8821934759616852,1.1112541220351762
member3,ensemble mean,Phenology rule,21.0,0.2058823529411764,0.39966410763707816,0.9019315628444448,56.86274509803921,57.14285714285714,0.8738454639911651,1.3015956704815228
member3,ensemble mean,SALS,21.0,0.1960784313725491,0.41048207659931746,0.903287856017842,56.86274509803921,52.38095238095239,0.8789839267730712,1.3137699326171595
member3,uncertainty-aware (LOO),AV static,21.0,0.06666666666666665,0.1742018421783167,0.9241862448991514,80.3921568627451,76.19047619047619,0.8821934759616852,1.098388087077468
member3,uncertainty-aware (LOO),Phenology rule,21.0,0.18627450980392163,0.3645925514546095,0.9116817630973517,66.66666666666666,66.66666666666666,0.8738454639911651,1.2762743145519613
member3,uncertainty-aware (LOO),SALS,21.0,0.18137254901960784,0.38116897883660655,0.9116484259857851,65.68627450980392,61.904761904761905,0.8798597991466522,1.2928174048223917
member5,oracle,AV static,21.0,0.07892156862745099,0.206227867918856,0.9279543412666694,88.23529411764706,85.71428571428571,0.8980614244937897,1.1341822091855256
member5,oracle,Phenology rule,21.0,0.2279411764705882,0.44029195299919915,0.9094795777517206,74.50980392156863,76.19047619047619,0.8855835020542144,1.3497715307509197
member5,oracle,SALS,21.0,0.22058823529411764,0.4569072610899514,0.9096572048523847,74.50980392156863,71.42857142857143,0.8831487417221069,1.3665644659423362
member5,ensemble mean,AV static,21.0,0.07401960784313724,0.19350919507297815,0.9316754113225376,92.15686274509804,90.47619047619048,0.9130265474319458,1.1251846063955158
member5,ensemble mean,Phenology rule,21.0,0.2058823529411764,0.39966410763707816,0.9181805445867426,82.35294117647058,85.71428571428571,0.8943063497543335,1.3178446522238207
member5,ensemble mean,SALS,21.0,0.1960784313725491,0.41048207659931746,0.9194396231688705,82.35294117647058,80.95238095238095,0.8922758936882019,1.329921699768188
member5,uncertainty-aware (LOO),AV static,21.0,0.06323529411764703,0.16532210830379934,0.9407088522817574,96.07843137254902,95.23809523809523,0.9182132840156555,1.1060309605855567
member5,uncertainty-aware (LOO),Phenology rule,21.0,0.18137254901960792,0.354162735535818,0.9282778437231102,87.25490196078431,85.71428571428571,0.8996193766593933,1.2824405792589282
member5,uncertainty-aware (LOO),SALS,21.0,0.178921568627451,0.3753052372120175,0.9276179729723463,85.29411764705883,85.71428571428571,0.896143764257431,1.3029232101843637
member8,oracle,AV static,21.0,0.07009803921568628,0.18272392013493707,0.9264216791181004,90.19607843137256,90.47619047619048,0.9057910680770874,1.1091455992530375
member8,oracle,Phenology rule,21.0,0.20098039215686275,0.3938473365178295,0.9073354192808563,66.66666666666666,57.14285714285714,0.8823219835758209,1.3011827557986857
member8,oracle,SALS,21.0,0.19362745098039216,0.4064515580733617,0.9092818755729526,68.62745098039215,61.904761904761905,0.8794306993484498,1.3157334336463142
member8,ensemble mean,AV static,21.0,0.07401960784313724,0.19350919507297815,0.9192598462104797,76.47058823529412,76.19047619047619,0.8907971084117889,1.1127690412834579
member8,ensemble mean,Phenology rule,21.0,0.2058823529411764,0.39966410763707816,0.9041381472466039,48.03921568627451,38.095238095238095,0.8781893730163575,1.303802254883682
member8,ensemble mean,SALS,21.0,0.1960784313725491,0.41048207659931746,0.9056123717158449,50.0,42.857142857142854,0.8788518965244293,1.3160944483151622
member8,uncertainty-aware (LOO),AV static,21.0,0.07303921568627447,0.190947743899682,0.9194842389985627,76.47058823529412,76.19047619047619,0.8907971084117889,1.1104319828982447
member8,uncertainty-aware (LOO),Phenology rule,21.0,0.18627450980392163,0.36356006986370276,0.9140190674978144,72.54901960784314,61.904761904761905,0.8849749565124512,1.277579137361517
member8,uncertainty-aware (LOO),SALS,21.0,0.18382352941176477,0.38476383050574975,0.9133989822630789,71.56862745098039,66.66666666666666,0.8824437320232391,1.2981628127688287
member10,oracle,AV static,21.0,0.0656862745098039,0.17164039100502052,0.9222006476392933,86.27450980392157,90.47619047619048,0.8970599293708801,1.0938410386443138
member10,oracle,Phenology rule,21.0,0.17892156862745104,0.3482239668567975,0.9131471795194289,76.47058823529412,80.95238095238095,0.8907748341560364,1.2613711463762265
member10,oracle,SALS,21.0,0.17647058823529416,0.3684755760226764,0.9122226396027733,76.47058823529412,76.19047619047619,0.8879484355449676,1.2806982156254498
member10,ensemble mean,AV static,21.0,0.07401960784313724,0.19350919507297815,0.9137146852764428,73.52941176470588,76.19047619047619,0.8890501499176026,1.107223880349421
member10,ensemble mean,Phenology rule,21.0,0.2058823529411764,0.39966410763707816,0.8992183962289024,50.0,47.61904761904761,0.8742094457149505,1.2988825038659806
member10,ensemble mean,SALS,21.0,0.1960784313725491,0.41048207659931746,0.9003876126280018,52.94117647058824,42.857142857142854,0.8813122689723969,1.3108696892273193
member10,uncertainty-aware (LOO),AV static,21.0,0.07156862745098039,0.18719091237175697,0.9164191449389738,77.45098039215686,80.95238095238095,0.8909359335899353,1.1036100573107308
member10,uncertainty-aware (LOO),Phenology rule,21.0,0.18382352941176477,0.3588900254929767,0.9108201171837601,76.47058823529412,80.95238095238095,0.8806415021419526,1.2697101426767368
member10,uncertainty-aware (LOO),SALS,21.0,0.178921568627451,0.3753052372120175,0.9105519266689525,78.43137254901961,76.19047619047619,0.8818084955215454,1.28585716388097
conservative,oracle,AV static,21.0,0.04999999999999999,0.13063915293006337,0.9214854643625372,100.0,100.0,0.9117424190044403,1.0521246172926004
conservative,oracle,Phenology rule,21.0,0.12352941176470586,0.24953698337662453,0.9141794454817679,84.31372549019608,95.23809523809523,0.8970549643039704,1.1637164288583923
conservative,oracle,SALS,21.0,0.12205882352941172,0.26528289811868294,0.912916659432299,81.86274509803921,85.71428571428571,0.8952635586261749,1.1781995575509818
conservative,ensemble mean,AV static,21.0,0.07401960784313724,0.19350919507297815,0.8869184273130754,54.90196078431373,52.38095238095239,0.8353522300720215,1.0804276223860534
conservative,ensemble mean,Phenology rule,21.0,0.2058823529411764,0.39966410763707816,0.8674092590808868,25.49019607843137,28.57142857142857,0.8134893238544464,1.267073366717965
conservative,ensemble mean,SALS,21.0,0.19607843137254902,0.41294557820348177,0.867851087567853,25.98039215686275,28.57142857142857,0.8143151700496674,1.2807966657713348
conservative,uncertainty-aware,AV static,21.0,0.06323529411764703,0.16532210830379934,0.9034040757254058,76.47058823529412,76.19047619047619,0.8492129683494568,1.0687261840292053
conservative,uncertainty-aware,Phenology rule,21.0,0.18137254901960792,0.354162735535818,0.8825974107957354,31.372549019607842,33.33333333333333,0.8359420418739318,1.2367601463315534
conservative,uncertainty-aware,SALS,21.0,0.17892156862745098,0.3775340017369565,0.8798336997336033,31.372549019607842,33.33333333333333,0.8317712306976318,1.2573677014705598
calibrated,oracle,AV static,21.0,0.04999999999999999,0.13063915293006337,0.928720164532755,100.0,100.0,0.9135660052299499,1.0593593174628182
calibrated,oracle,Phenology rule,21.0,0.13823529411764707,0.2751215763536154,0.9151951279125962,88.23529411764706,95.23809523809523,0.8980744898319244,1.1903167042662115
calibrated,oracle,SALS,21.0,0.13676470588235293,0.2917213232493868,0.913661365123356,84.31372549019608,90.47619047619048,0.8953737199306488,1.205382688372743
calibrated,ensemble mean,AV static,21.0,0.07401960784313724,0.19350919507297815,0.8991662778106391,56.86274509803921,52.38095238095239,0.8634521245956421,1.0926754728836172
calibrated,ensemble mean,Phenology rule,21.0,0.2058823529411764,0.39966410763707816,0.8802665150633046,25.49019607843137,28.57142857142857,0.8399153470993043,1.2799306227003826
calibrated,ensemble mean,SALS,21.0,0.19607843137254902,0.41294557820348177,0.8806732711838741,27.450980392156865,28.57142857142857,0.8448417484760284,1.293618849387356
calibrated,uncertainty-aware,AV static,21.0,0.06323529411764703,0.16532210830379934,0.9125947473095912,78.43137254901961,76.19047619047619,0.8717115998268128,1.0779168556133907
calibrated,uncertainty-aware,Phenology rule,21.0,0.18137254901960792,0.354162735535818,0.893748542841743,38.23529411764706,38.095238095238095,0.8570362687110901,1.247911278377561
calibrated,uncertainty-aware,SALS,21.0,0.17892156862745098,0.3775340017369565,0.8914451561137742,35.294117647058826,33.33333333333333,0.8472439050674438,1.2689791578507306
field,oracle,AV static,21.0,0.13039215686274508,0.3357580688362028,0.9180632993286731,79.41176470588235,76.19047619047619,0.8849900901317597,1.253821368164876
field,oracle,Phenology rule,21.0,0.2818627450980392,0.5353774752687005,0.9208060257575091,78.43137254901961,80.95238095238095,0.8912750780582428,1.4561835010262096
field,oracle,SALS,21.0,0.27941176470588236,0.5706818472667068,0.9177808668099198,72.54901960784314,76.19047619047619,0.8882599771022797,1.4884627140766264
field,ensemble mean,AV static,21.0,0.07401960784313724,0.19350919507297815,0.9519809987030777,95.09803921568627,95.23809523809523,0.9165657699108124,1.145490193776056
field,ensemble mean,Phenology rule,21.0,0.2058823529411764,0.39966410763707816,0.9392307353954689,81.37254901960785,85.71428571428571,0.8956307470798492,1.3388948430325471
field,ensemble mean,SALS,21.0,0.19607843137254902,0.41294557820348177,0.9400011824042189,80.88235294117648,85.71428571428571,0.89409618973732,1.3529467606077008
field,uncertainty-aware,AV static,21.0,0.06323529411764703,0.16532210830379934,0.957188216494579,99.01960784313727,100.0,0.9178771317005158,1.1225103247983783
field,uncertainty-aware,Phenology rule,21.0,0.18137254901960792,0.354162735535818,0.9479312207184586,86.27450980392157,90.47619047619048,0.8970319330692291,1.3020939562542766
field,uncertainty-aware,SALS,21.0,0.17892156862745098,0.3775340017369565,0.9479565684701882,87.25490196078431,90.47619047619048,0.8947380006313324,1.3254905702071447
harsh,oracle,AV static,21.0,0.045098039215686274,0.11776374280452728,0.9189821487548304,91.17647058823529,95.23809523809523,0.9007355093955993,1.0367458915593577
harsh,oracle,Phenology rule,21.0,0.10049019607843133,0.20206462460405686,0.9197903614418179,83.33333333333334,85.71428571428571,0.8936875343322754,1.1218549860458749
harsh,oracle,SALS,21.0,0.09901960784313725,0.21384996665166875,0.9187673821168787,81.86274509803921,90.47619047619048,0.891569995880127,1.1326173487685474
harsh,ensemble mean,AV static,21.0,0.07401960784313724,0.19350919507297815,0.8696748316287994,40.19607843137255,38.095238095238095,0.8118617296218872,1.0631840267017776
harsh,ensemble mean,Phenology rule,21.0,0.2058823529411764,0.39966410763707816,0.8455342054367065,12.745098039215685,14.285714285714285,0.7830808877944946,1.2451983130737847
harsh,ensemble mean,SALS,21.0,0.19607843137254902,0.41294557820348177,0.8462535674665489,11.76470588235294,14.285714285714285,0.7861985504627228,1.2591991456700307
harsh,uncertainty-aware,AV static,21.0,0.06323529411764703,0.16532210830379934,0.8883293685959834,55.88235294117647,61.904761904761905,0.823934268951416,1.053651476899783
harsh,uncertainty-aware,Phenology rule,21.0,0.18137254901960792,0.354162735535818,0.8629650543717777,21.568627450980394,23.809523809523807,0.8118170142173767,1.2171277899075956
harsh,uncertainty-aware,SALS,21.0,0.17892156862745098,0.3775340017369565,0.8600588622046452,20.588235294117645,23.809523809523807,0.8078113257884979,1.2375928639416016
