ens,truth,design,crop,pairs,pairs_ok
E2,C,75% of members,maize,17,11.76470588235294
E2,C,75% of members,potato,12,0.0
E2,C,75% of members,rice,20,0.0
E2,C,75% of members,soybean,10,100.0
E2,C,75% of members,wheat,17,0.0
E2,C,floor 0.92,maize,17,17.647058823529413
E2,C,floor 0.92,potato,12,0.0
E2,C,floor 0.92,rice,20,10.0
E2,C,floor 0.92,soybean,10,100.0
E2,C,floor 0.92,wheat,17,0.0
E2,C,floor 0.96,maize,17,70.58823529411765
E2,C,floor 0.96,potato,12,41.66666666666667
E2,C,floor 0.96,rice,20,95.0
E2,C,floor 0.96,soybean,10,100.0
E2,C,floor 0.96,wheat,17,76.47058823529412
E2,C,mean response,maize,17,5.88235294117647
E2,C,mean response,potato,12,0.0
E2,C,mean response,rice,20,0.0
E2,C,mean response,soybean,10,90.0
E2,C,mean response,wheat,17,0.0
E2,C,oracle,maize,17,76.47058823529412
E2,C,oracle,potato,12,100.0
E2,C,oracle,rice,20,90.0
E2,C,oracle,soybean,10,90.0
E2,C,oracle,wheat,17,94.11764705882352
E2,F,75% of members,maize,17,82.35294117647058
E2,F,75% of members,potato,12,100.0
E2,F,75% of members,rice,20,40.0
E2,F,75% of members,soybean,10,100.0
E2,F,75% of members,wheat,17,100.0
E2,F,floor 0.92,maize,17,82.35294117647058
E2,F,floor 0.92,potato,12,100.0
E2,F,floor 0.92,rice,20,60.0
E2,F,floor 0.92,soybean,10,100.0
E2,F,floor 0.92,wheat,17,100.0
E2,F,floor 0.96,maize,17,94.11764705882352
E2,F,floor 0.96,potato,12,100.0
E2,F,floor 0.96,rice,20,100.0
E2,F,floor 0.96,soybean,10,100.0
E2,F,floor 0.96,wheat,17,100.0
E2,F,mean response,maize,17,70.58823529411765
E2,F,mean response,potato,12,100.0
E2,F,mean response,rice,20,10.0
E2,F,mean response,soybean,10,90.0
E2,F,mean response,wheat,17,100.0
E2,F,oracle,maize,17,70.58823529411765
E2,F,oracle,potato,12,100.0
E2,F,oracle,rice,20,80.0
E2,F,oracle,soybean,10,90.0
E2,F,oracle,wheat,17,100.0
E2,H,75% of members,maize,17,0.0
E2,H,75% of members,potato,12,0.0
E2,H,75% of members,rice,20,0.0
E2,H,75% of members,soybean,10,90.0
E2,H,75% of members,wheat,17,0.0
E2,H,floor 0.92,maize,17,0.0
E2,H,floor 0.92,potato,12,0.0
E2,H,floor 0.92,rice,20,0.0
E2,H,floor 0.92,soybean,10,90.0
E2,H,floor 0.92,wheat,17,0.0
E2,H,floor 0.96,maize,17,52.94117647058824
E2,H,floor 0.96,potato,12,41.66666666666667
E2,H,floor 0.96,rice,20,85.0
E2,H,floor 0.96,soybean,10,100.0
E2,H,floor 0.96,wheat,17,0.0
E2,H,mean response,maize,17,0.0
E2,H,mean response,potato,12,0.0
E2,H,mean response,rice,20,0.0
E2,H,mean response,soybean,10,90.0
E2,H,mean response,wheat,17,0.0
E2,H,oracle,maize,17,64.70588235294117
E2,H,oracle,potato,12,91.66666666666666
E2,H,oracle,rice,20,85.0
E2,H,oracle,soybean,10,90.0
E2,H,oracle,wheat,17,94.11764705882352
E2,P,75% of members,maize,17,11.76470588235294
E2,P,75% of members,potato,12,0.0
E2,P,75% of members,rice,20,0.0
E2,P,75% of members,soybean,10,100.0
E2,P,75% of members,wheat,17,0.0
E2,P,floor 0.92,maize,17,17.647058823529413
E2,P,floor 0.92,potato,12,0.0
E2,P,floor 0.92,rice,20,0.0
E2,P,floor 0.92,soybean,10,100.0
E2,P,floor 0.92,wheat,17,0.0
E2,P,floor 0.96,maize,17,70.58823529411765
E2,P,floor 0.96,potato,12,41.66666666666667
E2,P,floor 0.96,rice,20,95.0
E2,P,floor 0.96,soybean,10,100.0
E2,P,floor 0.96,wheat,17,11.76470588235294
E2,P,mean response,maize,17,5.88235294117647
E2,P,mean response,potato,12,0.0
E2,P,mean response,rice,20,0.0
E2,P,mean response,soybean,10,90.0
E2,P,mean response,wheat,17,0.0
E2,P,oracle,maize,17,76.47058823529412
E2,P,oracle,potato,12,100.0
E2,P,oracle,rice,20,90.0
E2,P,oracle,soybean,10,90.0
E2,P,oracle,wheat,17,100.0
E3,C,75% of members,maize,17,11.76470588235294
E3,C,75% of members,potato,12,0.0
E3,C,75% of members,rice,20,35.0
E3,C,75% of members,soybean,10,100.0
E3,C,75% of members,wheat,17,0.0
E3,C,floor 0.92,maize,17,11.76470588235294
E3,C,floor 0.92,potato,12,0.0
E3,C,floor 0.92,rice,20,70.0
E3,C,floor 0.92,soybean,10,90.0
E3,C,floor 0.92,wheat,17,0.0
E3,C,floor 0.96,maize,17,70.58823529411765
E3,C,floor 0.96,potato,12,16.666666666666664
E3,C,floor 0.96,rice,20,100.0
E3,C,floor 0.96,soybean,10,100.0
E3,C,floor 0.96,wheat,17,23.52941176470588
E3,C,mean response,maize,17,5.88235294117647
E3,C,mean response,potato,12,0.0
E3,C,mean response,rice,20,15.0
E3,C,mean response,soybean,10,90.0
E3,C,mean response,wheat,17,0.0
E3,C,oracle,maize,17,76.47058823529412
E3,C,oracle,potato,12,100.0
E3,C,oracle,rice,20,90.0
E3,C,oracle,soybean,10,90.0
E3,C,oracle,wheat,17,94.11764705882352
E3,F,75% of members,maize,17,82.35294117647058
E3,F,75% of members,potato,12,100.0
E3,F,75% of members,rice,20,90.0
E3,F,75% of members,soybean,10,100.0
E3,F,75% of members,wheat,17,100.0
E3,F,floor 0.92,maize,17,76.47058823529412
E3,F,floor 0.92,potato,12,100.0
E3,F,floor 0.92,rice,20,90.0
E3,F,floor 0.92,soybean,10,90.0
E3,F,floor 0.92,wheat,17,100.0
E3,F,floor 0.96,maize,17,94.11764705882352
E3,F,floor 0.96,potato,12,100.0
E3,F,floor 0.96,rice,20,100.0
E3,F,floor 0.96,soybean,10,100.0
E3,F,floor 0.96,wheat,17,100.0
E3,F,mean response,maize,17,52.94117647058824
E3,F,mean response,potato,12,100.0
E3,F,mean response,rice,20,65.0
E3,F,mean response,soybean,10,90.0
E3,F,mean response,wheat,17,100.0
E3,F,oracle,maize,17,70.58823529411765
E3,F,oracle,potato,12,100.0
E3,F,oracle,rice,20,80.0
E3,F,oracle,soybean,10,90.0
E3,F,oracle,wheat,17,100.0
E3,H,75% of members,maize,17,0.0
E3,H,75% of members,potato,12,0.0
E3,H,75% of members,rice,20,5.0
E3,H,75% of members,soybean,10,90.0
E3,H,75% of members,wheat,17,0.0
E3,H,floor 0.92,maize,17,0.0
E3,H,floor 0.92,potato,12,0.0
E3,H,floor 0.92,rice,20,35.0
E3,H,floor 0.92,soybean,10,80.0
E3,H,floor 0.92,wheat,17,0.0
E3,H,floor 0.96,maize,17,52.94117647058824
E3,H,floor 0.96,potato,12,8.333333333333332
E3,H,floor 0.96,rice,20,95.0
E3,H,floor 0.96,soybean,10,100.0
E3,H,floor 0.96,wheat,17,0.0
E3,H,mean response,maize,17,0.0
E3,H,mean response,potato,12,0.0
E3,H,mean response,rice,20,0.0
E3,H,mean response,soybean,10,50.0
E3,H,mean response,wheat,17,0.0
E3,H,oracle,maize,17,64.70588235294117
E3,H,oracle,potato,12,91.66666666666666
E3,H,oracle,rice,20,85.0
E3,H,oracle,soybean,10,90.0
E3,H,oracle,wheat,17,94.11764705882352
E3,P,75% of members,maize,17,11.76470588235294
E3,P,75% of members,potato,12,0.0
E3,P,75% of members,rice,20,25.0
E3,P,75% of members,soybean,10,100.0
E3,P,75% of members,wheat,17,0.0
E3,P,floor 0.92,maize,17,11.76470588235294
E3,P,floor 0.92,potato,12,0.0
E3,P,floor 0.92,rice,20,55.00000000000001
E3,P,floor 0.92,soybean,10,90.0
E3,P,floor 0.92,wheat,17,0.0
E3,P,floor 0.96,maize,17,70.58823529411765
E3,P,floor 0.96,potato,12,16.666666666666664
E3,P,floor 0.96,rice,20,95.0
E3,P,floor 0.96,soybean,10,100.0
E3,P,floor 0.96,wheat,17,5.88235294117647
E3,P,mean response,maize,17,5.88235294117647
E3,P,mean response,potato,12,0.0
E3,P,mean response,rice,20,0.0
E3,P,mean response,soybean,10,90.0
E3,P,mean response,wheat,17,0.0
E3,P,oracle,maize,17,76.47058823529412
E3,P,oracle,potato,12,100.0
E3,P,oracle,rice,20,90.0
E3,P,oracle,soybean,10,90.0
E3,P,oracle,wheat,17,100.0
