method,design,GCR,sites_ok,seasons_ok,LER
Phenology rule,aware q=0.5,0.3406578947368421,67.10526315789474,64.14912280701755,1.540873470936428
Phenology rule,aware q=0.75,0.3075,78.94736842105263,75.1359649122807,1.4887836178418314
Phenology rule,aware q=0.9,0.25592105263157894,87.63157894736841,83.5,1.4094603660062217
Phenology rule,ensemble mean,0.32894736842105265,70.26315789473684,66.43859649122807,1.5230020051750175
Phenology rule,margin floor=0.92,0.29276315789473684,84.73684210526316,81.22807017543859,1.4681243458730087
Phenology rule,margin floor=0.94,0.2519736842105263,93.15789473684211,90.1359649122807,1.4068239400365896
Phenology rule,margin floor=0.96,0.19078947368421054,97.63157894736842,95.57017543859651,1.3134498845106155
Phenology rule,margin floor=0.98,0.12171052631578948,97.89473684210527,97.28070175438597,1.2046894146194844
Phenology rule,oracle,0.32092105263157894,85.26315789473684,78.40350877192982,1.5153217987389418
SALS,aware q=0.5,0.3431578947368421,66.05263157894737,63.10526315789474,1.6038053722810328
SALS,aware q=0.75,0.31,77.10526315789474,72.6842105263158,1.5482666680033794
SALS,aware q=0.9,0.2565789473684211,86.05263157894738,81.7982456140351,1.460385581275873
SALS,ensemble mean,0.32960526315789473,68.94736842105263,65.1842105263158,1.5823206700044765
SALS,margin floor=0.92,0.2944078947368421,83.94736842105263,80.60526315789474,1.5260944049191056
SALS,margin floor=0.94,0.25263157894736843,92.63157894736842,89.26315789473685,1.4581795507094317
SALS,margin floor=0.96,0.19539473684210526,96.84210526315789,94.63157894736842,1.363980905785503
SALS,margin floor=0.98,0.12828947368421054,97.89473684210527,97.42543859649123,1.2471413251875263
SALS,oracle,0.32276315789473686,83.6842105263158,76.00877192982456,1.5753514411352705
