method,contrast,compliance_pp,c_lo,c_hi,ler,l_lo,l_hi,sites
Phenology rule,aware minus mean,8.990657894736842,5.263157894736842,12.894736842105262,-0.03807075344884342,-0.04483707492560017,-0.031091121759625123,76
Phenology rule,oracle minus aware,8.335526315789474,3.4210526315789482,13.157894736842103,0.023278343590764614,0.017575903116676367,0.02885317758362938,76
Phenology rule,aware minus margin 0.94,-19.525,-24.21052631578947,-15.0,0.11109862341946873,0.09741378184456964,0.12534968139348843,76
SALS,aware minus mean,9.7525,5.526315789473683,14.210526315789473,-0.04385126567601665,-0.05273287531429606,-0.03470742717625476,76
SALS,oracle minus aware,5.995921052631579,0.5263157894736852,11.05263157894737,0.026616230530387534,0.020685466426375684,0.03254853002300583,76
SALS,aware minus margin 0.94,-19.96671052631579,-24.473684210526308,-15.789473684210522,0.10968492395345125,0.09602982138685494,0.1234654709721278,76
AV static,aware minus mean,9.75736842105263,5.0,14.73684210526316,-0.026383847930098042,-0.03387997882440686,-0.019031819181810867,76
AV static,oracle minus aware,8.221052631578948,3.1578947368421066,13.421052631578947,0.022376617983619507,0.01795365203292876,0.026886576560146213,76
AV static,aware minus margin 0.94,-17.979605263157893,-22.631578947368418,-13.421052631578947,0.058004915056669805,0.048322845249975974,0.06741957297274158,76
