r_star,g,ret,erel
0.85,0.1,0.9173765778541565,0.26157763600349426
0.85,0.2,0.8472499251365662,0.4986250400543213
0.85,0.3,0.7987892031669617,0.699272871017456
0.85,0.4,0.7624017596244812,0.8753135204315186
0.85,0.5,0.7320599555969238,1.0367662906646729
0.9,0.1,0.9228019714355469,0.2573634088039398
0.9,0.2,0.8674252033233643,0.4785778522491455
0.9,0.3,0.8266118764877319,0.6695356965065002
0.9,0.4,0.7923101782798767,0.8422556519508362
0.9,0.5,0.7612161040306091,1.0041050910949707
0.95,0.1,0.9346439838409424,0.24477803707122803
0.95,0.2,0.8898879885673523,0.45155617594718933
0.95,0.3,0.8522079586982727,0.6371304988861084
0.95,0.4,0.8175022602081299,0.8096776008605957
0.95,0.5,0.7845263481140137,0.9736995697021484
1.0,0.1,0.9492159485816956,0.22366264462471008
1.0,0.2,0.9094178676605225,0.4216229319572449
1.0,0.3,0.8718868494033813,0.6060568690299988
1.0,0.4,0.835803747177124,0.7805935740470886
1.0,0.5,0.8009775280952454,0.9476073384284973
