rho,method,GCR,erel,r,comply,LER
0.66,AV static,0.2381138392857143,0.610408894252032,0.67215078290818,0.6696428571428571,1.282559677160212
0.66,Phenology rule,0.48325892857142855,0.9342622951205287,0.7269892692565918,3.571428571428571,1.6612515643771206
0.66,SALS,0.4790736607142857,0.9849421343367014,0.7272954066949231,4.910714285714286,1.7122375410316246
0.66,Seasonal sharing,0.48270089285714285,0.8239241722705108,0.7250685484281608,2.6785714285714284,1.5489927206986718
0.66,Stress rule,0.43984375000000003,0.9330550167443497,0.6889934218488634,1.3392857142857142,1.622048438593213
0.8,AV static,0.13208705357142855,0.34367135426561746,0.8150018214115075,2.232142857142857,1.158673175677125
0.8,Phenology rule,0.3411830357142857,0.6582383480854332,0.8090204204033528,4.017857142857143,1.4672587684887861
0.8,SALS,0.33353794642857143,0.691892779232668,0.8126477152109146,5.357142857142857,1.5045404944435827
0.8,Seasonal sharing,0.3397321428571428,0.5747534423800451,0.8074670621593084,3.125,1.3822205045393534
0.8,Stress rule,0.26456473214285714,0.572324585635215,0.8074614784813353,2.0089285714285716,1.3797860641165502
0.9,AV static,0.05931919642857143,0.15537916918817377,0.9166335627170545,92.85714285714286,1.0720127319052284
0.9,Phenology rule,0.1696986607142857,0.33104766552735654,0.9044715042359063,68.52678571428571,1.2355191697632628
0.9,SALS,0.1732142857142857,0.36443794881259756,0.9054089369518417,70.08928571428571,1.2698468857644392
0.9,Seasonal sharing,0.16545758928571427,0.2829552683314042,0.9041991281722274,68.75,1.1871543965036315
0.9,Stress rule,0.12511160714285713,0.2751001307873854,0.9071623525981393,76.33928571428571,1.1822624833855246
