scenario,method,g,erel,r
+1.5C,AV static,0.05,0.13099325,0.9273048
+1.5C,AV static,0.075,0.19642547,0.8915721
+1.5C,AV static,0.1,0.26150522,0.856297
+1.5C,AV static,0.125,0.32611594,0.82158667
+1.5C,AV static,0.15,0.3901654,0.78748596
+1.5C,AV static,0.175,0.45359227,0.7540088
+1.5C,AV static,0.2,0.51649344,0.7211451
+1.5C,AV static,0.225,0.5789042,0.68879193
+1.5C,AV static,0.25,0.6408305,0.65703964
+1.5C,AV static,0.275,0.7022176,0.62589306
+1.5C,AV static,0.3,0.763051,0.59520686
+1.5C,AV static,0.325,0.82329863,0.5652866
+1.5C,AV static,0.35,0.8828853,0.53599274
+1.5C,AV static,0.375,0.94177884,0.50740606
+1.5C,AV static,0.4,1.0,0.4796028
+1.5C,AV static,0.425,1.057555,0.45249084
+1.5C,AV static,0.45,1.1144757,0.42594102
+1.5C,AV static,0.475,1.1707698,0.3999905
+1.5C,AV static,0.5,1.2264491,0.3747187
+1.5C,Phenology rule,0.05,0.10493831,0.96700114
+1.5C,Phenology rule,0.075,0.15735902,0.9509341
+1.5C,Phenology rule,0.1,0.20953201,0.9350992
+1.5C,Phenology rule,0.125,0.261378,0.91956246
+1.5C,Phenology rule,0.15,0.3128561,0.9042184
+1.5C,Phenology rule,0.175,0.36393052,0.8892412
+1.5C,Phenology rule,0.2,0.4146852,0.87448925
+1.5C,Phenology rule,0.225,0.4651008,0.8599605
+1.5C,Phenology rule,0.25,0.51516885,0.84569174
+1.5C,Phenology rule,0.275,0.5648417,0.8317811
+1.5C,Phenology rule,0.3,0.6141136,0.81799686
+1.5C,Phenology rule,0.325,0.66297644,0.8046562
+1.5C,Phenology rule,0.35,0.7113996,0.79147786
+1.5C,Phenology rule,0.375,0.7593916,0.77857965
+1.5C,Phenology rule,0.4,0.8069573,0.76589483
+1.5C,Phenology rule,0.425,0.85405964,0.7536812
+1.5C,Phenology rule,0.45,0.9007045,0.7414575
+1.5C,Phenology rule,0.475,0.9469012,0.72962636
+1.5C,Phenology rule,0.5,0.99266815,0.71802014
+1.5C,SALS,0.05,0.11164062,0.96713346
+1.5C,SALS,0.075,0.16739042,0.9510878
+1.5C,SALS,0.1,0.22285767,0.93526375
+1.5C,SALS,0.125,0.27795437,0.9197388
+1.5C,SALS,0.15,0.33262417,0.90440387
+1.5C,SALS,0.175,0.38682437,0.8894149
+1.5C,SALS,0.2,0.4406402,0.8746403
+1.5C,SALS,0.225,0.49407294,0.8600429
+1.5C,SALS,0.25,0.54711306,0.8456841
+1.5C,SALS,0.275,0.5997168,0.8316658
+1.5C,SALS,0.3,0.6518794,0.81774265
+1.5C,SALS,0.325,0.7035844,0.80419225
+1.5C,SALS,0.35,0.7547788,0.7907852
+1.5C,SALS,0.375,0.80546093,0.77762747
+1.5C,SALS,0.4,0.85565054,0.764688
+1.5C,SALS,0.425,0.9053135,0.7522002
+1.5C,SALS,0.45,0.95445955,0.7397111
+1.5C,SALS,0.475,1.0031067,0.72760403
+1.5C,SALS,0.5,1.0512736,0.7157116
+1.5C,Seasonal sharing,0.05,0.08967266,0.9665573
+1.5C,Seasonal sharing,0.075,0.1344735,0.9502807
+1.5C,Seasonal sharing,0.1,0.1790959,0.93425167
+1.5C,Seasonal sharing,0.125,0.22348176,0.9185327
+1.5C,Seasonal sharing,0.15,0.26760253,0.90302104
+1.5C,Seasonal sharing,0.175,0.31144926,0.8878748
+1.5C,Seasonal sharing,0.2,0.35506946,0.8729582
+1.5C,Seasonal sharing,0.225,0.39844626,0.85827535
+1.5C,Seasonal sharing,0.25,0.44158074,0.84385616
+1.5C,Seasonal sharing,0.275,0.4844297,0.8298014
+1.5C,Seasonal sharing,0.3,0.52699006,0.8158929
+1.5C,Seasonal sharing,0.325,0.56927145,0.80244005
+1.5C,Seasonal sharing,0.35,0.61124355,0.7891599
+1.5C,Seasonal sharing,0.375,0.6529135,0.7761672
+1.5C,Seasonal sharing,0.4,0.69427294,0.763399
+1.5C,Seasonal sharing,0.425,0.73530114,0.7511057
+1.5C,Seasonal sharing,0.45,0.7759919,0.7388181
+1.5C,Seasonal sharing,0.475,0.81636244,0.7269281
+1.5C,Seasonal sharing,0.5,0.85643613,0.7152706
+1.5C,Stress rule,0.05,0.11544633,0.9571516
+1.5C,Stress rule,0.075,0.17305394,0.93619454
+1.5C,Stress rule,0.1,0.2303268,0.9155112
+1.5C,Stress rule,0.125,0.28715426,0.8952261
+1.5C,Stress rule,0.15,0.34352848,0.87519073
+1.5C,Stress rule,0.175,0.39937153,0.8556093
+1.5C,Stress rule,0.2,0.45473194,0.8364026
+1.5C,Stress rule,0.225,0.50971234,0.81738716
+1.5C,Stress rule,0.25,0.56424516,0.79865396
+1.5C,Stress rule,0.275,0.6182837,0.7803791
+1.5C,Stress rule,0.3,0.67180157,0.7622895
+1.5C,Stress rule,0.325,0.7248443,0.7447667
+1.5C,Stress rule,0.35,0.77732384,0.72742206
+1.5C,Stress rule,0.375,0.8292733,0.71050817
+1.5C,Stress rule,0.4,0.88062245,0.69398254
+1.5C,Stress rule,0.425,0.9315122,0.6778549
+1.5C,Stress rule,0.45,0.9818234,0.66194075
+1.5C,Stress rule,0.475,1.0316241,0.64622533
+1.5C,Stress rule,0.5,1.0807928,0.6310879
+2C,AV static,0.05,0.13099344,0.92791647
+2C,AV static,0.075,0.19642575,0.89245754
+2C,AV static,0.1,0.26150557,0.85743964
+2C,AV static,0.125,0.32611635,0.8229351
+2C,AV static,0.15,0.39016584,0.78902656
+2C,AV static,0.175,0.45359272,0.7557159
+2C,AV static,0.2,0.51649386,0.72297806
+2C,AV static,0.225,0.5789046,0.69074357
+2C,AV static,0.25,0.6408309,0.6590796
+2C,AV static,0.275,0.70221776,0.62801886
+2C,AV static,0.3,0.76305115,0.59738916
+2C,AV static,0.325,0.8232988,0.567482
+2C,AV static,0.35,0.88288534,0.5381985
+2C,AV static,0.375,0.94177884,0.50961834
+2C,AV static,0.4,1.0,0.48181924
+2C,AV static,0.425,1.057555,0.45468685
+2C,AV static,0.45,1.1144757,0.4281046
+2C,AV static,0.475,1.1707699,0.40211967
+2C,AV static,0.5,1.2264493,0.3767883
+2C,Phenology rule,0.05,0.10574796,0.96722734
+2C,Phenology rule,0.075,0.15857306,0.95125514
+2C,Phenology rule,0.1,0.21114731,0.93552166
+2C,Phenology rule,0.125,0.26338914,0.92008555
+2C,Phenology rule,0.15,0.3152559,0.9048287
+2C,Phenology rule,0.175,0.3667123,0.8899077
+2C,Phenology rule,0.2,0.4178426,0.8752098
+2C,Phenology rule,0.225,0.4686312,0.8607358
+2C,Phenology rule,0.25,0.51906717,0.8465185
+2C,Phenology rule,0.275,0.56910366,0.83265495
+2C,Phenology rule,0.3,0.618733,0.8189149
+2C,Phenology rule,0.325,0.6679483,0.80560595
+2C,Phenology rule,0.35,0.7167172,0.79245806
+2C,Phenology rule,0.375,0.7650445,0.77958775
+2C,Phenology rule,0.4,0.8129364,0.76692617
+2C,Phenology rule,0.425,0.8603574,0.7547303
+2C,Phenology rule,0.45,0.90731514,0.74251926
+2C,Phenology rule,0.475,0.9538194,0.7307021
+2C,Phenology rule,0.5,0.99989045,0.719113
+2C,SALS,0.05,0.11236356,0.96739066
+2C,SALS,0.075,0.1684748,0.9514697
+2C,SALS,0.1,0.22430038,0.93575776
+2C,SALS,0.125,0.27975065,0.9203234
+2C,SALS,0.15,0.3347698,0.9050564
+2C,SALS,0.175,0.3893156,0.89012116
+2C,SALS,0.2,0.4434747,0.8754028
+2C,SALS,0.225,0.4972481,0.8608766
+2C,SALS,0.25,0.55062526,0.84658587
+2C,SALS,0.275,0.60355896,0.8326232
+2C,SALS,0.3,0.6560483,0.81875837
+2C,SALS,0.325,0.7080774,0.8052711
+2C,SALS,0.35,0.7595902,0.7919113
+2C,SALS,0.375,0.81058586,0.7787935
+2C,SALS,0.4,0.8610826,0.7658845
+2C,SALS,0.425,0.91105,0.75342953
+2C,SALS,0.45,0.9604963,0.74096984
+2C,SALS,0.475,1.0094349,0.72889024
+2C,SALS,0.5,1.0578867,0.7170382
+2C,Seasonal sharing,0.05,0.08967478,0.9667624
+2C,Seasonal sharing,0.075,0.13447669,0.95057124
+2C,Seasonal sharing,0.1,0.17910013,0.9346229
+2C,Seasonal sharing,0.125,0.22348703,0.9189891
+2C,Seasonal sharing,0.15,0.26760882,0.90354997
+2C,Seasonal sharing,0.175,0.31145653,0.88845783
+2C,Seasonal sharing,0.2,0.35507777,0.87359434
+2C,Seasonal sharing,0.225,0.39845556,0.85896164
+2C,Seasonal sharing,0.25,0.44159102,0.8445943
+2C,Seasonal sharing,0.275,0.48444098,0.83058465
+2C,Seasonal sharing,0.3,0.5270023,0.8167116
+2C,Seasonal sharing,0.325,0.5692846,0.80329126
+2C,Seasonal sharing,0.35,0.6112577,0.790042
+2C,Seasonal sharing,0.375,0.6529287,0.77707493
+2C,Seasonal sharing,0.4,0.6942891,0.764327
+2C,Seasonal sharing,0.425,0.7353183,0.7520484
+2C,Seasonal sharing,0.45,0.77601004,0.73977154
+2C,Seasonal sharing,0.475,0.8163816,0.72789335
+2C,Seasonal sharing,0.5,0.8564563,0.71624756
+2C,Stress rule,0.05,0.116391875,0.9566986
+2C,Stress rule,0.075,0.17447948,0.93545383
+2C,Stress rule,0.1,0.2322252,0.9145222
+2C,Stress rule,0.125,0.28956455,0.89388573
+2C,Stress rule,0.15,0.34638962,0.8735548
+2C,Stress rule,0.175,0.40268064,0.85366255
+2C,Stress rule,0.2,0.4585435,0.83409363
+2C,Stress rule,0.225,0.5139274,0.8148322
+2C,Stress rule,0.25,0.5689005,0.7958003
+2C,Stress rule,0.275,0.62342703,0.77706784
+2C,Stress rule,0.3,0.6773899,0.758721
+2C,Stress rule,0.325,0.7308692,0.740812
+2C,Stress rule,0.35,0.783793,0.7231043
+2C,Stress rule,0.375,0.836133,0.70580643
+2C,Stress rule,0.4,0.88793975,0.6888385
+2C,Stress rule,0.425,0.9391878,0.6724474
+2C,Stress rule,0.45,0.9899303,0.65604925
+2C,Stress rule,0.475,1.0401031,0.6400286
+2C,Stress rule,0.5,1.0897324,0.624411
+3C,AV static,0.05,0.1309938,0.929604
+3C,AV static,0.075,0.19642629,0.8948823
+3C,AV static,0.1,0.26150626,0.8605464
+3C,AV static,0.125,0.32611713,0.82669723
+3C,AV static,0.15,0.39016667,0.79331785
+3C,AV static,0.175,0.45359355,0.76051396
+3C,AV static,0.2,0.5164947,0.7282189
+3C,AV static,0.225,0.5789053,0.69636834
+3C,AV static,0.25,0.6408315,0.66501176
+3C,AV static,0.275,0.70221835,0.63419396
+3C,AV static,0.3,0.76305145,0.6037649
+3C,AV static,0.325,0.823299,0.57397074
+3C,AV static,0.35,0.88288546,0.54478127
+3C,AV static,0.375,0.94177884,0.5162821
+3C,AV static,0.4,1.0,0.48851985
+3C,AV static,0.425,1.057555,0.461396
+3C,AV static,0.45,1.1144757,0.43475452
+3C,AV static,0.475,1.17077,0.40867966
+3C,AV static,0.5,1.2264496,0.38321614
+3C,Phenology rule,0.05,0.10716853,0.96802413
+3C,Phenology rule,0.075,0.16070297,0.9524035
+3C,Phenology rule,0.1,0.2139817,0.9369878
+3C,Phenology rule,0.125,0.26691857,0.92185396
+3C,Phenology rule,0.15,0.31946975,0.9068944
+3C,Phenology rule,0.175,0.37159973,0.8922552
+3C,Phenology rule,0.2,0.42339304,0.87779987
+3C,Phenology rule,0.225,0.4748355,0.8635336
+3C,Phenology rule,0.25,0.52591854,0.8495025
+3C,Phenology rule,0.275,0.5765943,0.835812
+3C,Phenology rule,0.3,0.6268563,0.8222391
+3C,Phenology rule,0.325,0.67669505,0.809089
+3C,Phenology rule,0.35,0.72607577,0.7960793
+3C,Phenology rule,0.375,0.77499956,0.7833261
+3C,Phenology rule,0.4,0.8234716,0.7707714
+3C,Phenology rule,0.425,0.8714575,0.7586702
+3C,Phenology rule,0.45,0.91896963,0.74654466
+3C,Phenology rule,0.475,0.9660198,0.7348016
+3C,Phenology rule,0.5,1.0126295,0.7232814
+3C,SALS,0.05,0.11375493,0.9683277
+3C,SALS,0.075,0.1705621,0.95282215
+3C,SALS,0.1,0.22707877,0.93751913
+3C,SALS,0.125,0.28321293,0.9224552
+3C,SALS,0.15,0.3389062,0.90752107
+3C,SALS,0.175,0.39411873,0.8928831
+3C,SALS,0.2,0.44894177,0.878416
+3C,SALS,0.225,0.50337267,0.8641189
+3C,SALS,0.25,0.55740106,0.8500576
+3C,SALS,0.275,0.6109789,0.83628994
+3C,SALS,0.3,0.6641007,0.82261485
+3C,SALS,0.325,0.7167509,0.80932325
+3C,SALS,0.35,0.7688751,0.7961526
+3C,SALS,0.375,0.8204724,0.78320897
+3C,SALS,0.4,0.871558,0.77043813
+3C,SALS,0.425,0.9221011,0.75807804
+3C,SALS,0.45,0.97211015,0.74570644
+3C,SALS,0.475,1.0216011,0.7337022
+3C,SALS,0.5,1.0705892,0.7219225
+3C,Seasonal sharing,0.05,0.08967904,0.96747506
+3C,Seasonal sharing,0.075,0.13448307,0.9516019
+3C,Seasonal sharing,0.1,0.17910862,0.93594074
+3C,Seasonal sharing,0.125,0.22349761,0.9205715
+3C,Seasonal sharing,0.15,0.26762146,0.9053822
+3C,Seasonal sharing,0.175,0.31147122,0.8905266
+3C,Seasonal sharing,0.2,0.35509443,0.87587535
+3C,Seasonal sharing,0.225,0.39847425,0.8614269
+3C,Seasonal sharing,0.25,0.44161168,0.84722805
+3C,Seasonal sharing,0.275,0.4844636,0.83338296
+3C,Seasonal sharing,0.3,0.52702683,0.81966877
+3C,Seasonal sharing,0.325,0.5693112,0.806382
+3C,Seasonal sharing,0.35,0.61128616,0.7932435
+3C,Seasonal sharing,0.375,0.65295905,0.7803802
+3C,Seasonal sharing,0.4,0.69432145,0.76772743
+3C,Seasonal sharing,0.425,0.7353527,0.7555278
+3C,Seasonal sharing,0.45,0.77604645,0.7433187
+3C,Seasonal sharing,0.475,0.8164201,0.73149574
+3C,Seasonal sharing,0.5,0.8564969,0.7199016
+3C,Stress rule,0.05,0.11823009,0.9560229
+3C,Stress rule,0.075,0.1772383,0.9343899
+3C,Stress rule,0.1,0.23590668,0.9129473
+3C,Stress rule,0.125,0.29414627,0.89184815
+3C,Stress rule,0.15,0.35190114,0.87096304
+3C,Stress rule,0.175,0.4090971,0.85045844
+3C,Stress rule,0.2,0.46584463,0.8301856
+3C,Stress rule,0.225,0.52218896,0.81014395
+3C,Stress rule,0.25,0.5780612,0.79037493
+3C,Stress rule,0.275,0.6334224,0.77097577
+3C,Stress rule,0.3,0.6883325,0.7517229
+3C,Stress rule,0.325,0.7426774,0.7330098
+3C,Stress rule,0.35,0.7964527,0.71454847
+3C,Stress rule,0.375,0.84967375,0.6964451
+3C,Stress rule,0.4,0.90234596,0.67857873
+3C,Stress rule,0.425,0.95438117,0.6612834
+3C,Stress rule,0.45,1.0058953,0.64404696
+3C,Stress rule,0.475,1.0568478,0.6271963
+3C,Stress rule,0.5,1.1072869,0.61068016
baseline,AV static,0.05,0.1309927,0.9259977
baseline,AV static,0.075,0.19642463,0.88969624
baseline,AV static,0.1,0.26150417,0.85394734
baseline,AV static,0.125,0.32611474,0.8188411
baseline,AV static,0.15,0.39016414,0.7843916
baseline,AV static,0.175,0.45359102,0.75063735
baseline,AV static,0.2,0.51649225,0.71755093
baseline,AV static,0.225,0.57890314,0.68502045
baseline,AV static,0.25,0.64082956,0.65310335
baseline,AV static,0.275,0.7022168,0.62180156
baseline,AV static,0.3,0.76305044,0.5910506
baseline,AV static,0.325,0.82329834,0.56106246
baseline,AV static,0.35,0.8828851,0.53172195
baseline,AV static,0.375,0.9417788,0.5030565
baseline,AV static,0.4,1.0,0.47521088
baseline,AV static,0.425,1.057555,0.44807577
baseline,AV static,0.45,1.1144756,0.42151123
baseline,AV static,0.475,1.1707697,0.3955955
baseline,AV static,0.5,1.2264488,0.37038812
baseline,Phenology rule,0.05,0.10221106,0.96665573
baseline,Phenology rule,0.075,0.15327181,0.95044523
baseline,Phenology rule,0.1,0.20410039,0.93449277
baseline,Phenology rule,0.125,0.2546205,0.9188668
baseline,Phenology rule,0.15,0.30479547,0.9034526
baseline,Phenology rule,0.175,0.35459286,0.8884026
baseline,Phenology rule,0.2,0.40408444,0.87358624
baseline,Phenology rule,0.225,0.4532483,0.8590026
baseline,Phenology rule,0.25,0.50208145,0.84469384
baseline,Phenology rule,0.275,0.55053663,0.83074105
baseline,Phenology rule,0.3,0.5986083,0.81693214
baseline,Phenology rule,0.325,0.64629346,0.80357295
baseline,Phenology rule,0.35,0.69356644,0.79037946
baseline,Phenology rule,0.375,0.7404407,0.77746737
baseline,Phenology rule,0.4,0.7869155,0.76477236
baseline,Phenology rule,0.425,0.83295095,0.7525478
baseline,Phenology rule,0.45,0.87854385,0.74032646
baseline,Phenology rule,0.475,0.92370564,0.7285072
baseline,Phenology rule,0.5,0.968454,0.7169272
baseline,SALS,0.05,0.10920203,0.9667098
baseline,SALS,0.075,0.16372825,0.950519
baseline,SALS,0.1,0.2179799,0.9345754
baseline,SALS,0.125,0.271877,0.91894567
baseline,SALS,0.15,0.32536533,0.9035074
baseline,SALS,0.175,0.37839985,0.88839275
baseline,SALS,0.2,0.43105847,0.8735098
baseline,SALS,0.225,0.48334318,0.85882896
baseline,SALS,0.25,0.535248,0.84440166
baseline,SALS,0.275,0.5867339,0.8303076
baseline,SALS,0.3,0.6377951,0.8163213
baseline,SALS,0.325,0.6884192,0.8027352
baseline,SALS,0.35,0.7385586,0.78931457
baseline,SALS,0.375,0.78820485,0.77617985
baseline,SALS,0.4,0.837379,0.76325935
baseline,SALS,0.425,0.8860513,0.7507733
baseline,SALS,0.45,0.93422884,0.73828757
baseline,SALS,0.475,0.9819303,0.7261854
baseline,SALS,0.5,1.0291699,0.7143133
baseline,Seasonal sharing,0.05,0.08966635,0.9662913
baseline,Seasonal sharing,0.075,0.13446404,0.94991034
baseline,Seasonal sharing,0.1,0.17908332,0.93379384
baseline,Seasonal sharing,0.125,0.22346608,0.91800773
baseline,Seasonal sharing,0.15,0.26758382,0.9024399
baseline,Seasonal sharing,0.175,0.31142753,0.88724244
baseline,Seasonal sharing,0.2,0.35504475,0.87229145
baseline,Seasonal sharing,0.225,0.3984186,0.8575816
baseline,Seasonal sharing,0.25,0.44155017,0.84315115
baseline,Seasonal sharing,0.275,0.48439622,0.82909125
baseline,Seasonal sharing,0.3,0.52695364,0.8151856
baseline,Seasonal sharing,0.325,0.56923217,0.8017402
baseline,Seasonal sharing,0.35,0.61120135,0.7884678
baseline,Seasonal sharing,0.375,0.65286845,0.77548695
baseline,Seasonal sharing,0.4,0.6942249,0.76273346
baseline,Seasonal sharing,0.425,0.7352502,0.7504506
baseline,Seasonal sharing,0.45,0.775938,0.73817635
baseline,Seasonal sharing,0.475,0.81630546,0.7263073
baseline,Seasonal sharing,0.5,0.85637605,0.71468216
baseline,Stress rule,0.05,0.11270839,0.95844567
baseline,Stress rule,0.075,0.16893041,0.9381942
baseline,Stress rule,0.1,0.2248316,0.918253
baseline,Stress rule,0.125,0.28030413,0.8987277
baseline,Stress rule,0.15,0.33529523,0.8795176
baseline,Stress rule,0.175,0.38976076,0.86079174
baseline,Stress rule,0.2,0.4437961,0.842327
baseline,Stress rule,0.225,0.4974493,0.82417685
baseline,Stress rule,0.25,0.5506536,0.8062991
baseline,Stress rule,0.275,0.60345125,0.7888451
baseline,Stress rule,0.3,0.65566164,0.77180165
baseline,Stress rule,0.325,0.7074471,0.75510854
baseline,Stress rule,0.35,0.7587407,0.7386454
baseline,Stress rule,0.375,0.80945295,0.7226247
baseline,Stress rule,0.4,0.85961616,0.70700693
baseline,Stress rule,0.425,0.90929306,0.69174016
baseline,Stress rule,0.45,0.95836675,0.6766478
baseline,Stress rule,0.475,1.0069667,0.66195315
baseline,Stress rule,0.5,1.0549911,0.64766616
