scenario,kappa,method,n,sites,GCR,no_array,E,erel,r,r_prod,comply,site_comply,p10,below80,LER
baseline,0.0,AV static,448.0,92.0,0.05675223214285715,1.0869565217391304,207.18679976463318,0.1486879667001111,0.9162230608718736,0.9137699007987976,94.41964285714286,97.82608695652173,0.9052398204803467,0.4464285714285714,1.0649110275719846
baseline,0.0,Seasonal sharing,448.0,92.0,0.15530133928571427,0.0,373.34258719852994,0.266434253060392,0.9051392909937671,0.9030762314796448,74.10714285714286,78.26086956521739,0.8902487874031066,0.4464285714285714,1.171573544054159
baseline,0.0,Phenology rule,448.0,92.0,0.15904017857142858,0.0,437.9021740981511,0.3119906022080353,0.9050162394664117,0.9028524160385132,72.76785714285714,79.34782608695652,0.8893442928791047,0.6696428571428571,1.217006841674447
baseline,0.0,Stress rule,448.0,92.0,0.11445312500000002,0.0,355.0264589445932,0.2528903186986489,0.9087397811402168,0.9092376232147217,79.24107142857143,85.86956521739131,0.8909230411052704,0.2232142857142857,1.1616300998388656
baseline,0.0,SALS,448.0,92.0,0.16138392857142855,0.0,475.2255849838257,0.3398697490005621,0.9058460237990532,0.9032883048057556,74.55357142857143,82.6086956521739,0.8885804712772369,2.232142857142857,1.2457157727996153
baseline,1.0,AV static,448.0,92.0,0.05931919642857143,0.0,216.6067808696202,0.15537916918817377,0.9166335627170545,0.914156973361969,92.85714285714286,95.65217391304348,0.903049087524414,0.8928571428571428,1.0720127319052284
baseline,1.0,Seasonal sharing,448.0,92.0,0.16545758928571427,0.0,396.5889997141702,0.2829552683314042,0.9041991281722274,0.9023197889328003,68.75,71.73913043478261,0.8880230486392975,0.6696428571428571,1.1871543965036315
baseline,1.0,Phenology rule,448.0,92.0,0.1696986607142857,0.0,464.6556381157466,0.33104766552735654,0.9044715042359063,0.9022423624992371,68.52678571428571,75.0,0.8869407832622528,1.3392857142857142,1.2355191697632628
baseline,1.0,Stress rule,448.0,92.0,0.12511160714285713,0.0,386.7531918457576,0.2751001307873854,0.9071623525981393,0.9072993397712708,76.33928571428571,81.52173913043478,0.88632932305336,0.8928571428571428,1.1822624833855246
baseline,1.0,SALS,448.0,92.0,0.1732142857142857,0.0,509.97222093173434,0.36443794881259756,0.9054089369518417,0.9020689129829407,70.08928571428571,73.91304347826086,0.8826809883117676,2.6785714285714284,1.2698468857644392
baseline,2.0,AV static,448.0,92.0,0.06573660714285715,0.0,239.3603058883122,0.17203073057213,0.9134745930454561,0.9106647968292236,87.27678571428571,85.86956521739131,0.890622365474701,1.3392857142857142,1.085505323617586
baseline,2.0,Seasonal sharing,448.0,92.0,0.17589285714285713,0.0,420.0614529337202,0.2994465502976839,0.9041146004040327,0.9014747142791748,67.63392857142857,72.82608695652173,0.8858288168907166,1.5625,1.2035611507017165
baseline,2.0,Phenology rule,448.0,92.0,0.18041294642857145,0.0,491.8913483960288,0.3504873933935804,0.9047105155353036,0.9014036059379578,69.19642857142857,75.0,0.884652578830719,2.232142857142857,1.2551979089288838
baseline,2.0,Stress rule,448.0,92.0,0.13872767857142856,0.0,427.42893971715654,0.3039555504718529,0.9042989515832492,0.9045881032943726,69.41964285714286,71.73913043478261,0.8812865436077117,2.0089285714285716,1.208254502055102
baseline,2.0,SALS,448.0,92.0,0.18671875000000002,0.0,548.5987024307251,0.39164217178975896,0.9056199625400561,0.9008787274360657,65.625,72.82608695652173,0.8767448961734772,2.9017857142857144,1.297262134329815
+3C,0.0,AV static,448.0,92.0,0.057254464285714284,0.0,206.4088692835399,0.15000643271819822,0.9157327841967344,0.914326012134552,94.86607142857143,96.73913043478261,0.9035640895366669,0.0,1.0657392169149327
+3C,0.0,Seasonal sharing,448.0,92.0,0.15117187499999998,0.0,359.7377234867641,0.26013431661496206,0.9056098475786192,0.9041917324066162,71.20535714285714,77.17391304347827,0.8903687953948974,0.2232142857142857,1.1657441641935813
+3C,0.0,Phenology rule,448.0,92.0,0.15574776785714284,0.0,446.04074011530196,0.3219597548845091,0.9051382205049906,0.9037245512008667,70.75892857142857,77.17391304347827,0.8896851658821106,0.6696428571428571,1.2270979753894997
+3C,0.0,Stress rule,448.0,92.0,0.10027901785714285,0.0,322.97959096091137,0.2326167656241783,0.9106594993333731,0.9101769924163818,80.58035714285714,89.13043478260869,0.8924593925476074,0.2232142857142857,1.1432762649575514
+3C,0.0,SALS,448.0,92.0,0.15491071428571426,0.0,472.8199660437448,0.34172742614256485,0.9068434441994343,0.9054736495018005,74.77678571428571,80.43478260869566,0.8906526982784271,1.5625,1.248570870341999
+3C,1.0,AV static,448.0,92.0,0.06422991071428572,0.0,231.0599799326488,0.16813137355659688,0.9151917620162878,0.9139065146446228,88.39285714285714,89.13043478260869,0.8972071766853332,0.6696428571428571,1.0833231355728847
+3C,1.0,Seasonal sharing,448.0,92.0,0.16685267857142858,0.0,396.7013020174844,0.2868931802721428,0.9057909814374787,0.9037361741065979,69.41964285714286,75.0,0.8866193294525146,0.8928571428571428,1.1926841617096215
+3C,1.0,Phenology rule,448.0,92.0,0.1751674107142857,0.0,498.60447662217274,0.36002033619609264,0.904783759133092,0.9023226499557495,67.1875,71.73913043478261,0.8848094820976258,1.3392857142857142,1.2648040953291846
+3C,1.0,Stress rule,448.0,92.0,0.11339285714285714,0.0,366.2160801887512,0.263707993601981,0.9084369455065046,0.9076074361801147,73.66071428571429,77.17391304347827,0.8880989015102386,0.2232142857142857,1.1721449391084857
+3C,1.0,SALS,448.0,92.0,0.17661830357142858,0.0,539.8514727524349,0.39014150085859,0.9065917341836861,0.9035595655441284,67.85714285714286,75.0,0.8773437738418579,2.0089285714285716,1.2967332350422762
+3C,2.0,AV static,448.0,92.0,0.07466517857142856,0.0,268.0904075929097,0.19502489647961088,0.9143886014020869,0.9124506115913391,85.04464285714286,86.95652173913044,0.8853258609771728,1.7857142857142856,1.1094134978816979
+3C,2.0,Seasonal sharing,448.0,92.0,0.18839285714285717,0.0,447.1428846291133,0.3235910515899637,0.9061019339465669,0.9027467966079712,65.84821428571429,72.82608695652173,0.8810738265514374,1.3392857142857142,1.2296929855365306
+3C,2.0,Phenology rule,448.0,92.0,0.19575892857142857,0.0,557.3300613335201,0.40290623164868783,0.9061924989468285,0.902168333530426,64.0625,70.65217391304348,0.8779200255870819,1.5625,1.3090987305955164
+3C,2.0,Stress rule,448.0,92.0,0.13420758928571427,0.0,432.9324586050851,0.3116788501252553,0.905781847158713,0.9050077199935913,69.41964285714286,79.34782608695652,0.8776080846786499,2.0089285714285716,1.2174606972839683
+3C,2.0,SALS,448.0,92.0,0.20424107142857142,0.0,623.6397588253021,0.45080131022924824,0.9088102309033275,0.9025512933731079,64.50892857142857,70.65217391304348,0.8674911141395569,2.232142857142857,1.3596115411325758
