scenario,method,g,noise,r,e,LER
+3C,Phenology rule,0.2,0.0,0.8787888,0.42257956,1.3013684
+3C,Phenology rule,0.2,1.0,0.8787888,0.42257956,1.3013684
+3C,Phenology rule,0.2,2.0,0.8787888,0.42257956,1.3013684
+3C,Phenology rule,0.2,3.0,0.8787888,0.42257956,1.3013684
+3C,Phenology rule,0.3,0.0,0.8235778,0.62547857,1.4490563
+3C,Phenology rule,0.3,1.0,0.8235778,0.62547857,1.4490563
+3C,Phenology rule,0.3,2.0,0.8235778,0.62547857,1.4490563
+3C,Phenology rule,0.3,3.0,0.8235778,0.62547857,1.4490563
+3C,SALS,0.2,0.0,0.8794026,0.44863862,1.3280411
+3C,SALS,0.2,1.0,0.8793824,0.44864404,1.3280265
+3C,SALS,0.2,2.0,0.87932265,0.44865566,1.3279783
+3C,SALS,0.2,3.0,0.8792258,0.44868782,1.3279136
+3C,SALS,0.3,0.0,0.82395387,0.663479,1.4874327
+3C,SALS,0.3,1.0,0.8239233,0.6634862,1.4874095
+3C,SALS,0.3,2.0,0.8238334,0.6635045,1.4873377
+3C,SALS,0.3,3.0,0.82368845,0.6635532,1.4872416
+3C,Stress rule,0.2,0.0,0.83737314,0.4641955,1.3015685
+3C,Stress rule,0.2,1.0,0.8316945,0.46570975,1.2974043
+3C,Stress rule,0.2,2.0,0.8257714,0.46768796,1.2934593
+3C,Stress rule,0.2,3.0,0.8213756,0.46938965,1.2907652
+3C,Stress rule,0.3,0.0,0.7618703,0.6857406,1.4476109
+3C,Stress rule,0.3,1.0,0.7538786,0.6879358,1.4418143
+3C,Stress rule,0.3,2.0,0.7453834,0.69078666,1.4361701
+3C,Stress rule,0.3,3.0,0.73907876,0.6932639,1.4323426
baseline,Phenology rule,0.2,0.0,0.8757487,0.40254343,1.2782921
baseline,Phenology rule,0.2,1.0,0.8757487,0.40254343,1.2782921
baseline,Phenology rule,0.2,2.0,0.8757487,0.40254343,1.2782921
baseline,Phenology rule,0.2,3.0,0.8757487,0.40254343,1.2782921
baseline,Phenology rule,0.3,0.0,0.8197835,0.5961787,1.4159622
baseline,Phenology rule,0.3,1.0,0.8197835,0.5961787,1.4159622
baseline,Phenology rule,0.3,2.0,0.8197835,0.5961787,1.4159622
baseline,Phenology rule,0.3,3.0,0.8197835,0.5961787,1.4159622
baseline,SALS,0.2,0.0,0.87568504,0.43095717,1.3066422
baseline,SALS,0.2,1.0,0.8756729,0.4309594,1.3066323
baseline,SALS,0.2,2.0,0.8756425,0.43096575,1.3066083
baseline,SALS,0.2,3.0,0.8755964,0.43099433,1.3065908
baseline,SALS,0.3,0.0,0.819285,0.63746303,1.456748
baseline,SALS,0.3,1.0,0.8192661,0.63746446,1.4567306
baseline,SALS,0.3,2.0,0.81921965,0.63747513,1.4566947
baseline,SALS,0.3,3.0,0.81914866,0.6375201,1.4566687
baseline,Stress rule,0.2,0.0,0.8468351,0.44299552,1.2898306
baseline,Stress rule,0.2,1.0,0.8432849,0.4443421,1.2876269
baseline,Stress rule,0.2,2.0,0.8357444,0.44769683,1.2834414
baseline,Stress rule,0.2,3.0,0.8285675,0.45108515,1.2796527
baseline,Stress rule,0.3,0.0,0.7777823,0.65432006,1.4321024
baseline,Stress rule,0.3,1.0,0.7727373,0.6562938,1.4290311
baseline,Stress rule,0.3,2.0,0.76175857,0.6612474,1.4230059
baseline,Stress rule,0.3,3.0,0.75127584,0.6662479,1.4175236
