a,b,e_at_floor,ret_at_0p3
0.0,0.6,0.2604644446772454,0.7588662505149841
0.0,0.8,0.32466901142051485,0.8183941841125488
0.0,1.0,0.33110644151544993,0.835110604763031
0.05,0.6,0.27130133285927815,0.7628289461135864
0.05,0.8,0.34094896941211744,0.8227529525756836
0.05,1.0,0.3493514895627868,0.8396026492118835
0.15,0.6,0.2878927101935843,0.7676007151603699
0.15,0.8,0.3662069227657175,0.8282465934753418
0.15,1.0,0.37799860975708727,0.8453729748725891
0.3,0.6,0.28604439131473786,0.7532696723937988
0.3,0.8,0.35830777446408796,0.8145592212677002
0.3,1.0,0.3687256643853785,0.8321573138237
