scenario,quantity,value,lo,hi
bound (c squared),LER AV static,1.082254083066903,,
bound (c squared),break-even AV static,58.712649228175934,,
bound (c squared),net at 90 AV static,6.251298231802947,,
bound (c squared),LER Phenology rule,1.215026514839684,,
bound (c squared),break-even Phenology rule,81.07554666493463,,
bound (c squared),net at 90 Phenology rule,3.3509361830228537,,
bound (c squared),LER Optimised ramp schedule,1.2516590208239122,,
bound (c squared),break-even Optimised ramp schedule,74.57070965497707,,
bound (c squared),net at 90 Optimised ramp schedule,6.472106930368089,,
bound (c squared),LER SALS,1.2589006973975767,,
bound (c squared),break-even SALS,74.21400620571445,,
bound (c squared),net at 90 SALS,6.778412256895902,,
bound (c squared),"plant break-even vs open field, plant capex 0.75 USD/Wp",49.911417301855224,,
bound (c squared),"plant overtakes AV static above (USD/MWh), plant capex 0.75 USD/Wp",48.235046602383896,,
bound (c squared),"plant overtakes SALS above (USD/MWh), plant capex 0.75 USD/Wp",37.17612594417043,,
bound (c squared),"plant overtakes Optimised ramp schedule above (USD/MWh), plant capex 0.75 USD/Wp",37.43896730108923,,
bound (c squared),"plant break-even vs open field, plant capex 1.0 USD/Wp (equal capex)",65.5885416097426,,
bound (c squared),"plant overtakes AV static above (USD/MWh), plant capex 1.0 USD/Wp (equal capex)",66.89819287420997,,
bound (c squared),"plant overtakes SALS above (USD/MWh), plant capex 1.0 USD/Wp (equal capex)",61.06853737646306,,
bound (c squared),"plant overtakes Optimised ramp schedule above (USD/MWh), plant capex 1.0 USD/Wp (equal capex)",61.045441173671826,,
bound (c squared),dLER SALS - Optimised ramp schedule,0.007241676573664386,0.002335920756605753,0.013314873355237105
bound (c squared),dLER SALS - Phenology rule,0.0438741825578929,0.029964079147330656,0.059791986497121995
bound (c squared),dLER SALS - AV static,0.17664661433067352,0.14995698062823085,0.205676928083109
main analysis,LER AV static,1.075720392641509,,
main analysis,break-even AV static,58.54787901594902,,
main analysis,net at 90 AV static,6.3019053341131075,,
main analysis,LER Phenology rule,1.207303641471399,,
main analysis,break-even Phenology rule,79.6048768451846,,
main analysis,net at 90 Phenology rule,3.975249428108011,,
main analysis,LER Optimised ramp schedule,1.243785758725549,,
main analysis,break-even Optimised ramp schedule,73.04453452243426,,
main analysis,net at 90 Optimised ramp schedule,7.260892376484837,,
main analysis,LER SALS,1.250898238575108,,
main analysis,break-even SALS,72.6837406116342,,
main analysis,net at 90 SALS,7.592044413208395,,
main analysis,"plant break-even vs open field, plant capex 0.75 USD/Wp",47.73722315215592,,
main analysis,"plant overtakes AV static above (USD/MWh), plant capex 0.75 USD/Wp",45.777526853065226,,
main analysis,"plant overtakes SALS above (USD/MWh), plant capex 0.75 USD/Wp",35.12552493336758,,
main analysis,"plant overtakes Optimised ramp schedule above (USD/MWh), plant capex 0.75 USD/Wp",35.386097714971314,,
main analysis,"plant break-even vs open field, plant capex 1.0 USD/Wp (equal capex)",62.73143533698784,,
main analysis,"plant overtakes AV static above (USD/MWh), plant capex 1.0 USD/Wp (equal capex)",63.489807441573625,,
main analysis,"plant overtakes SALS above (USD/MWh), plant capex 1.0 USD/Wp (equal capex)",57.700052864104585,,
main analysis,"plant overtakes Optimised ramp schedule above (USD/MWh), plant capex 1.0 USD/Wp (equal capex)",57.69817124101706,,
main analysis,dLER SALS - Optimised ramp schedule,0.007112479849558939,0.0018429657726013148,0.01316275998988741
main analysis,dLER SALS - Phenology rule,0.043594597103709484,0.029588964007918127,0.05897973391118964
main analysis,dLER SALS - AV static,0.17517784593359872,0.1476435189863222,0.2044735220988254
pvlib-corrected,LER AV static,1.0789525672163216,,
pvlib-corrected,break-even AV static,58.63042986583788,,
pvlib-corrected,net at 90 AV static,6.276515321456368,,
pvlib-corrected,LER Phenology rule,1.2111342248680572,,
pvlib-corrected,break-even Phenology rule,80.33832212007336,,
pvlib-corrected,net at 90 Phenology rule,3.661037829596396,,
pvlib-corrected,LER Optimised ramp schedule,1.2476902221233788,,
pvlib-corrected,break-even Optimised ramp schedule,73.80560163461547,,
pvlib-corrected,net at 90 Optimised ramp schedule,6.863466242099527,,
pvlib-corrected,LER SALS,1.2548673313593617,,
pvlib-corrected,break-even SALS,73.44670073412436,,
pvlib-corrected,net at 90 SALS,7.182145549578951,,
pvlib-corrected,"plant break-even vs open field, plant capex 0.75 USD/Wp",48.81221223597605,,
pvlib-corrected,"plant overtakes AV static above (USD/MWh), plant capex 0.75 USD/Wp",46.98793230308321,,
pvlib-corrected,"plant overtakes SALS above (USD/MWh), plant capex 0.75 USD/Wp",36.13384073136769,,
pvlib-corrected,"plant overtakes Optimised ramp schedule above (USD/MWh), plant capex 0.75 USD/Wp",36.3956602662342,,
pvlib-corrected,"plant break-even vs open field, plant capex 1.0 USD/Wp (equal capex)",64.14407737493563,,
pvlib-corrected,"plant overtakes AV static above (USD/MWh), plant capex 1.0 USD/Wp (equal capex)",65.16854402327097,,
pvlib-corrected,"plant overtakes SALS above (USD/MWh), plant capex 1.0 USD/Wp (equal capex)",59.35639465426101,,
pvlib-corrected,"plant overtakes Optimised ramp schedule above (USD/MWh), plant capex 1.0 USD/Wp (equal capex)",59.3442954740556,,
pvlib-corrected,dLER SALS - Optimised ramp schedule,0.0071771092359829555,0.002083287620668707,0.012802422757544936
pvlib-corrected,dLER SALS - Phenology rule,0.0437331064913045,0.029665797416916582,0.059289245287614346
pvlib-corrected,dLER SALS - AV static,0.17591476414304022,0.14840035471880866,0.20456802096691198
