rho,scenario,method,n,sites,GCR,no_array,E,erel,r,r_prod,comply,site_comply,p10,below80,LER
0.8,baseline,AV static,448.0,92.0,0.13208705357142855,0.0,477.4389157295227,0.34367135426561746,0.8150018214115075,0.8124786615371704,79.46428571428571,0.0,0.7868976354598999,20.535714285714285,1.158673175677125
0.8,baseline,Phenology rule,448.0,92.0,0.3411830357142857,0.0,923.3708238601685,0.6582383480854332,0.8090204204033528,0.803992509841919,58.92857142857143,1.0869565217391304,0.7764355063438415,41.07142857142857,1.4672587684887861
0.8,baseline,Stress rule,448.0,92.0,0.26456473214285714,0.0,802.0658636774335,0.572324585635215,0.8074614784813353,0.8072371482849121,62.94642857142857,0.0,0.7725125014781952,37.05357142857143,1.3797860641165502
0.8,baseline,SALS (fixed-rho net),448.0,92.0,0.33353794642857143,0.0,969.743431023189,0.691892779232668,0.8126477152109146,0.8063822984695435,59.82142857142857,2.1739130434782608,0.7736447870731353,40.17857142857143,1.5045404944435827
0.8,baseline,SALS rho-conditioned,448.0,92.0,0.3332589285714286,0.0,969.2410788536072,0.6915574955221798,0.812678680755198,0.8062554597854614,60.04464285714286,2.1739130434782608,0.7731076717376709,39.955357142857146,1.5042361762773777
0.8,+3C,AV static,448.0,92.0,0.13755580357142855,0.0,490.8023430960519,0.35754260214577827,0.8168525751680136,0.8148326277732849,84.375,0.0,0.7870524764060974,15.625,1.174395177313792
0.8,+3C,Phenology rule,448.0,92.0,0.3456473214285714,0.0,972.3395881652832,0.7009743184649518,0.8119813858398369,0.8069261312484741,62.94642857142857,0.0,0.7721731960773468,37.05357142857143,1.5129557043047888
0.8,+3C,Stress rule,448.0,92.0,0.24514508928571432,0.0,775.2583791187832,0.5586864740055587,0.8057244297649179,0.8055425882339478,62.05357142857143,0.0,0.7715618431568145,37.94642857142857,1.3644109037704766
0.8,+3C,SALS (fixed-rho net),448.0,92.0,0.3405133928571428,0.0,1022.1556739125933,0.7376199475090418,0.8151357678164329,0.8083600401878357,61.83035714285714,2.1739130434782608,0.7718279480934143,38.169642857142854,1.5527557153254747
0.8,+3C,SALS rho-conditioned,448.0,92.0,0.34135044642857143,0.0,1022.8627703530448,0.7383855386371059,0.8147290813337479,0.807956337928772,60.04464285714286,2.1739130434782608,0.7717502474784851,39.955357142857146,1.5531146199708539
0.85,baseline,AV static,448.0,92.0,0.094921875,0.0,344.68602670942033,0.24798549365784442,0.8667956824813571,0.8637598752975464,81.69642857142857,0.0,0.8372690916061402,3.7946428571428568,1.1147811761392015
0.85,baseline,Phenology rule,448.0,92.0,0.25859375,0.0,702.1690654073443,0.5010847790565874,0.8550177784636617,0.8513519167900085,61.83035714285714,2.1739130434782608,0.8307229816913605,4.017857142857143,1.356102557520249
0.85,baseline,Stress rule,448.0,92.0,0.19497767857142856,0.0,596.8479386057172,0.4252539999849562,0.8564401562990887,0.8563347458839417,66.96428571428571,1.0869565217391304,0.8288471162319183,4.017857142857143,1.281694156284045
0.85,baseline,SALS (fixed-rho net),448.0,92.0,0.25608258928571426,0.0,747.5315889630999,0.5342371646048767,0.8579426926693746,0.853629469871521,63.16964285714286,4.3478260869565215,0.8273240208625794,5.133928571428571,1.3921798572742514
0.85,baseline,SALS rho-conditioned,448.0,92.0,0.25552455357142856,0.0,745.99042565482,0.5331994056967753,0.8582133404644472,0.8537012338638306,64.73214285714286,4.3478260869565215,0.8270247280597687,5.133928571428571,1.3914127461612225
0.85,+3C,AV static,448.0,92.0,0.10011160714285713,0.0,358.8601849760328,0.2612948914590691,0.8670679823096309,0.86458420753479,82.14285714285714,2.1739130434782608,0.8428468883037568,3.125,1.1283628737687
0.85,+3C,Phenology rule,448.0,92.0,0.2640066964285714,0.0,747.3529582023621,0.5393373638258449,0.8559256399582539,0.852156400680542,60.49107142857143,1.0869565217391304,0.827996826171875,3.125,1.3952630037840987
0.85,+3C,Stress rule,448.0,92.0,0.17935267857142856,0.0,573.0592887742179,0.4131705747318587,0.8561381144183022,0.8555054664611816,64.0625,0.0,0.8296319901943207,4.017857142857143,1.269308689150161
0.85,+3C,SALS (fixed-rho net),448.0,92.0,0.26199776785714285,0.0,793.211285659245,0.5730407695685115,0.8589364676071065,0.8541319966316223,62.05357142857143,6.521739130434782,0.8251192271709442,4.6875,1.4319772371756179
0.85,+3C,SALS rho-conditioned,448.0,92.0,0.26171875,0.0,791.0832498414176,0.571564205323479,0.8591005388381225,0.8541167974472046,62.5,6.521739130434782,0.8262520372867584,4.910714285714286,1.4306647441616016
0.9,baseline,AV static,448.0,92.0,0.05931919642857143,0.0,216.6067808696202,0.15537916918817377,0.9166335627170545,0.914156973361969,92.85714285714286,95.65217391304348,0.903049087524414,0.8928571428571428,1.0720127319052284
0.9,baseline,Phenology rule,448.0,92.0,0.1696986607142857,0.0,464.6556381157466,0.33104766552735654,0.9044715042359063,0.9022423624992371,68.52678571428571,75.0,0.8869407832622528,1.3392857142857142,1.2355191697632628
0.9,baseline,Stress rule,448.0,92.0,0.12511160714285713,0.0,386.7531918457576,0.2751001307873854,0.9071623525981393,0.9072993397712708,76.33928571428571,81.52173913043478,0.88632932305336,0.8928571428571428,1.1822624833855246
0.9,baseline,SALS (fixed-rho net),448.0,92.0,0.1732142857142857,0.0,509.97222093173434,0.36443794881259756,0.9054089369518417,0.9020689129829407,70.08928571428571,73.91304347826086,0.8826809883117676,2.6785714285714284,1.2698468857644392
0.9,baseline,SALS rho-conditioned,448.0,92.0,0.17237723214285713,0.0,507.6881229877472,0.3627544443921319,0.9057603845638889,0.9024001359939575,70.53571428571429,73.91304347826086,0.8833394408226013,2.455357142857143,1.2685148289560206
0.9,+3C,AV static,448.0,92.0,0.06422991071428572,0.0,231.0599799326488,0.16813137355659688,0.9151917620162878,0.9139065146446228,88.39285714285714,89.13043478260869,0.8972071766853332,0.6696428571428571,1.0833231355728847
0.9,+3C,Phenology rule,448.0,92.0,0.1751674107142857,0.0,498.60447662217274,0.36002033619609264,0.904783759133092,0.9023226499557495,67.1875,71.73913043478261,0.8848094820976258,1.3392857142857142,1.2648040953291846
0.9,+3C,Stress rule,448.0,92.0,0.11339285714285714,0.0,366.2160801887512,0.263707993601981,0.9084369455065046,0.9076074361801147,73.66071428571429,77.17391304347827,0.8880989015102386,0.2232142857142857,1.1721449391084857
0.9,+3C,SALS (fixed-rho net),448.0,92.0,0.17661830357142858,0.0,539.8514727524349,0.39014150085859,0.9065917341836861,0.9035595655441284,67.85714285714286,75.0,0.8773437738418579,2.0089285714285716,1.2967332350422762
0.9,+3C,SALS rho-conditioned,448.0,92.0,0.17628348214285713,0.0,537.8886992590768,0.3887217788225306,0.906869491030063,0.9041029214859009,68.30357142857143,76.08695652173914,0.8781919598579406,2.0089285714285716,1.2955912698525935
0.95,baseline,AV static,448.0,92.0,0.006138392857142857,89.13043478260869,22.54762031350817,0.0162019447889179,0.9946082314210278,0.9947960376739502,95.75892857142857,100.0,1.0,0.0,1.0108101762099457
0.95,baseline,Phenology rule,448.0,92.0,0.07661830357142856,3.260869565217391,211.46982458659582,0.15054851901784008,0.9569635300764016,0.9565086364746094,81.25,100.0,0.946264773607254,0.0,1.1075120490942416
0.95,baseline,Stress rule,448.0,92.0,0.051953124999999996,18.478260869565215,161.46308490208216,0.11437267454208008,0.9629750842494624,0.9623968601226807,85.49107142857143,100.0,0.9476228713989258,0.0,1.0773477587915425
0.95,baseline,SALS (fixed-rho net),448.0,92.0,0.08783482142857142,4.3478260869565215,259.3004837206432,0.1844828496354499,0.9561412379677806,0.9542890191078186,81.69642857142857,97.82608695652173,0.9444037437438965,1.1160714285714286,1.1406240876032305
0.95,baseline,SALS rho-conditioned,448.0,92.0,0.08816964285714286,4.3478260869565215,260.018063715526,0.18496638148956532,0.95613827410021,0.9542911648750305,81.47321428571429,97.82608695652173,0.9443516314029694,1.1160714285714286,1.1411046555897753
0.95,+3C,AV static,448.0,92.0,0.0074218750000000005,85.86956521739131,26.273829119546072,0.01957648214218872,0.9935547412772264,0.9944339394569397,95.08928571428571,100.0,0.9657280623912812,0.0,1.0131312234194152
0.95,+3C,Phenology rule,448.0,92.0,0.07912946428571428,3.260869565217391,227.45394236700875,0.16393227412897562,0.957748493312725,0.9571321606636047,81.02678571428571,100.0,0.9460776567459106,0.0,1.1216807674417006
0.95,+3C,Stress rule,448.0,92.0,0.04525669642857143,25.0,146.34474408626556,0.10516062187629618,0.9658285563013383,0.9645484089851379,77.67857142857143,100.0,0.9456451117992402,0.0,1.0709891781776346
0.95,+3C,SALS (fixed-rho net),448.0,92.0,0.08939732142857142,3.260869565217391,274.1655535697937,0.19801973183971963,0.9564369350139584,0.9553118348121643,78.57142857142857,98.91304347826086,0.9418028473854065,0.6696428571428571,1.154456666853678
0.95,+3C,SALS rho-conditioned,448.0,92.0,0.08911830357142857,3.260869565217391,272.851490684918,0.19704536958930216,0.956545422518892,0.9554092288017273,78.79464285714286,98.91304347826086,0.942036485671997,0.8928571428571428,1.153590792108194
