scope,diff,lo,hi,pairs
"seed 0, pooled",0.0071124799353511695,0.002246011269621942,0.013148871730245123,76
"seed 0, split 0",0.006971275573596364,0.0015720993769355116,0.013231835714541377,32
"seed 0, split 1",0.010067826681412186,0.0008666741246214027,0.022173869522431718,26
"seed 0, split 2",0.0049676848167464855,-0.0021031820837940315,0.011905160750306776,35
"seed 1, pooled",0.007965188993043028,0.0021974560711533,0.014752353798647085,76
"seed 1, split 0",0.009211369045078757,0.002047673725755881,0.019342826014617474,32
"seed 1, split 1",0.0104097418487072,0.0013712949406069245,0.022141921861240525,26
"seed 1, split 2",0.004902059932549806,-0.0024203963666444427,0.012297779463231592,35
"seed 2, pooled",0.006915930158605705,0.0010593791926083696,0.013164099800694537,76
"seed 2, split 0",0.007188668800517925,0.0008955428481567928,0.015996908651431982,32
"seed 2, split 1",0.00787702861886758,-0.0029046723189262097,0.020692132313091027,26
"seed 2, split 2",0.0050676905257361305,-0.0021490586187158226,0.012609515615871973,35
