setting,method,pairs,GCR,erel,retention,LER
rotation limit 60 deg (main),AV static,21,0.05000000000000001,0.1307103472096579,0.9225058461938587,1.0532161934035165
rotation limit 60 deg (main),Phenology rule,21,0.1285714285714286,0.2558330175422487,0.9141813860053108,1.1700144035475597
rotation limit 60 deg (main),SALS,21,0.1285714285714286,0.27560472857384455,0.9138008410022371,1.189405569576082
rotation limit 60 deg (main),Tuned phenology rule,21,0.1285714285714286,0.26504454073451816,0.9149570677961621,1.1800016085306804
rotation limit 45 deg,AV static,21,0.052380952380952396,0.13541439530395327,0.9214565575122833,1.0568709528162366
rotation limit 45 deg,Phenology rule,21,0.10714285714285716,0.22209959101109278,0.9160144593034472,1.1381140503145402
rotation limit 45 deg,SALS,21,0.10238095238095239,0.22424865968170618,0.9193248076098306,1.1435734672915367
rotation limit 45 deg,Tuned phenology rule,21,0.10714285714285716,0.22764510533639362,0.9161344187600273,1.143779524096421
rotation limit 80 deg,AV static,21,0.05000000000000001,0.1310805625858761,0.9221745726608096,1.0532551352466855
rotation limit 80 deg,Phenology rule,21,0.15476190476190477,0.293203651763144,0.9128561845847537,1.206059836347898
rotation limit 80 deg,SALS,21,0.15000000000000002,0.3111631032966432,0.9132741647107261,1.2244372680073694
rotation limit 80 deg,Tuned phenology rule,21,0.1547619047619048,0.30558281924043385,0.9134475023973556,1.2190303216377893
fixed arrays,Fixed array 0 deg,21,0.054761904761904776,0.11723729215917131,0.9311768897942135,1.0484141819533848
fixed arrays,Fixed array 30 deg,21,0.054761904761904776,0.1099562086519741,0.9332945159503393,1.0432507246023133
harvest-index window 0.30-0.50,AV static,21,0.05000000000000001,0.1307103472096579,0.9226617983409336,1.0533721455505916
harvest-index window 0.30-0.50,Phenology rule,21,0.1285714285714286,0.2558330175422487,0.9134503424167633,1.169283359959012
harvest-index window 0.30-0.50,SALS,21,0.12619047619047621,0.2700457800711904,0.9152778659548078,1.1853236460259984
harvest-index window 0.30-0.50,Seasonal sharing,21,0.12380952380952381,0.21984710998478388,0.9146004066580818,1.1344475166428658
harvest-index window 0.30-0.50,Stress rule,21,0.09285714285714286,0.20825456636292594,0.9208240333057586,1.1290785996686847
harvest-index window 0.30-0.50,Tuned phenology rule,21,0.12619047619047621,0.2594954842612857,0.9164669771989187,1.1759624614602042
harvest-index window 0.60-0.80,AV static,21,0.05000000000000001,0.1307103472096579,0.9221554049423764,1.0528657521520342
harvest-index window 0.60-0.80,Phenology rule,21,0.1285714285714286,0.2558330175422487,0.9154536207516987,1.1712866382939475
harvest-index window 0.60-0.80,SALS,21,0.12380952380952381,0.26584072914861495,0.9165135071391152,1.1823542362877302
harvest-index window 0.60-0.80,Seasonal sharing,21,0.12619047619047621,0.22208260432595295,0.9154432955242339,1.1375258998501867
harvest-index window 0.60-0.80,Stress rule,21,0.09523809523809526,0.21379284298136123,0.9182719775608607,1.132064820542222
harvest-index window 0.60-0.80,Tuned phenology rule,21,0.1285714285714286,0.26504454073451816,0.9161915168875738,1.1812360576220922
no harvest-index penalty,AV static,21,0.06904761904761907,0.18012961901369548,0.9292492744468507,1.109378893460546
no harvest-index penalty,Phenology rule,21,0.21190476190476187,0.41924234288079393,0.908702347108296,1.3279446899890899
no harvest-index penalty,SALS,21,0.2095238095238095,0.4459231619324003,0.9074577493327004,1.353380911265101
no harvest-index penalty,Seasonal sharing,21,0.2095238095238095,0.36734965670676467,0.9079434582165308,1.2752931149232956
no harvest-index penalty,Stress rule,21,0.1523809523809524,0.34216366821811306,0.911698037953604,1.2538617061717168
no harvest-index penalty,Tuned phenology rule,21,0.21428571428571427,0.4397241920232773,0.9072930761745998,1.347017268197877
