crop,s,ml,lo,hi,ens,prop,ens_in
wheat,0.2,0.925199329853058,0.8762480616569519,0.9561476707458496,0.8762691047236726,0.8,True
wheat,0.4,0.717431366443634,0.5902957320213318,0.7837123870849609,0.7005635255800393,0.6,True
rice,0.2,0.925199329853058,0.8762480616569519,0.9561476707458496,0.8507260008461845,0.8,False
rice,0.4,0.717431366443634,0.5902957320213318,0.7837123870849609,0.6594047164845411,0.6,True
maize,0.2,0.7279124855995178,0.5787327885627747,0.864669919013977,0.8615800848142318,0.8,True
maize,0.4,0.4174918830394745,0.2704793810844421,0.5873236060142517,0.6877251896980082,0.6,False
soybean,0.2,0.7111865878105164,0.6548371315002441,0.7940871715545654,0.7714931704527034,0.8,True
soybean,0.4,0.4001387655735016,0.3397432267665863,0.5344081521034241,0.5345731844759931,0.6,False
potato,0.2,0.9336421489715576,0.9188169240951538,0.971619725227356,0.8829780543446594,0.8,False
potato,0.4,0.7084518671035767,0.6687657237052917,0.8250210881233215,0.7250739816759242,0.6,True
