crop,g,shading,rel_mean,rel_sd,hi_mean
wheat,0.1,0.1280078738927841,0.9293128848075867,0.019806934520602226,0.9556242823600769
wheat,0.2,0.2495329529047012,0.8397732377052307,0.03039281629025936,0.9129952788352966
wheat,0.3,0.3643931448459625,0.7372283935546875,0.035422611981630325,0.8724886775016785
wheat,0.4,0.4714704155921936,0.6269694566726685,0.03750336542725563,0.8342934250831604
wheat,0.5,0.5717736482620239,0.5137541890144348,0.03785951808094978,0.7984214425086975
rice,0.1,0.1169917285442352,0.9189247488975525,0.015442399308085442,0.9448162913322449
rice,0.2,0.2302615493535995,0.8258634209632874,0.0254807211458683,0.8915579319000244
rice,0.3,0.3391665518283844,0.7229244709014893,0.03167299926280975,0.839682400226593
rice,0.4,0.4433847069740295,0.6141042113304138,0.035178039222955704,0.7900676727294922
rice,0.5,0.5433598160743713,0.5016934275627136,0.036688175052404404,0.7421090006828308
maize,0.1,0.1228120848536491,0.9184820055961609,0.009763075970113277,0.9796876907348633
maize,0.2,0.2412080764770507,0.8312020301818848,0.017771152779459953,0.9600375294685364
maize,0.3,0.3541896641254425,0.7332450747489929,0.023531373590230942,0.9411984086036682
maize,0.4,0.4611393809318542,0.6269734501838684,0.0268196202814579,0.9232759475708008
maize,0.5,0.5625708103179932,0.5186676383018494,0.02765614725649357,0.9061619639396667
soybean,0.1,0.1225476190447807,0.8639993667602539,0.024566160514950752,0.9166646003723145
soybean,0.2,0.2408651858568191,0.7226853370666504,0.042327944189310074,0.8357164263725281
soybean,0.3,0.3537506759166717,0.5877532362937927,0.05349887162446976,0.7581896781921387
soybean,0.4,0.4608935117721557,0.46455442905426025,0.05887991189956665,0.684506893157959
soybean,0.5,0.5625194907188416,0.350727915763855,0.05874226242303848,0.613906741142273
potato,0.1,0.121784970164299,0.9344446063041687,0.01667596586048603,0.976722002029419
potato,0.2,0.2386912703514099,0.8575186729431152,0.028803840279579163,0.9542587399482727
potato,0.3,0.3500215113162994,0.7704984545707703,0.03672272339463234,0.9327496886253357
potato,0.4,0.455444186925888,0.6746818423271179,0.040719494223594666,0.9123037457466125
potato,0.5,0.5553258657455444,0.5709601640701294,0.04110943526029587,0.8928375244140625
