ctype,s,n,studies,median,lo,hi
Berries,0.1,49,5,0.9999968409538269,0.9999546408653259,0.9999998807907104
Berries,0.2,49,5,0.9998205304145813,0.998881459236145,0.999984860420227
Berries,0.3,49,5,0.9980869293212891,0.9928818941116333,0.9996877312660217
Berries,0.4,49,5,0.9897820949554443,0.9716646671295166,0.9973291158676147
Berries,0.5,49,5,0.9629136919975281,0.9149734973907471,0.9861176013946533
C3 cereals,0.1,41,10,0.9819627404212952,0.9621745347976685,0.9926247000694275
C3 cereals,0.2,41,10,0.9251993298530579,0.8762480616569519,0.9561476707458496
C3 cereals,0.3,41,10,0.8337891697883606,0.7447159886360168,0.8884605169296265
C3 cereals,0.4,41,10,0.717431366443634,0.5902957320213318,0.7837123870849609
C3 cereals,0.5,41,10,0.5886338353157043,0.41237378120422363,0.6574371457099915
Forages,0.1,98,10,0.9997066855430603,0.9950188994407654,0.9999990463256836
Forages,0.2,98,10,0.995820164680481,0.9729986190795898,0.9999210834503174
Forages,0.3,98,10,0.9803576469421387,0.9300885200500488,0.9988483190536499
Forages,0.4,98,10,0.9419506788253784,0.8636550903320312,0.9918509125709534
Forages,0.5,98,10,0.8687108755111694,0.7725419998168945,0.9650301933288574
Fruits,0.1,36,7,0.9997372031211853,0.9970596432685852,0.9999944567680359
Fruits,0.2,36,7,0.9960176348686218,0.9768953323364258,0.9997164011001587
Fruits,0.3,36,7,0.9806004762649536,0.9225273132324219,0.997279942035675
Fruits,0.4,36,7,0.9412180185317993,0.8210479021072388,0.986585259437561
Fruits,0.5,36,7,0.8646559715270996,0.667870044708252,0.9544926285743713
Fruity vegetables,0.1,13,3,0.999934196472168,0.9996566772460938,0.9999967813491821
Fruity vegetables,0.2,13,3,0.9982093572616577,0.9950217604637146,0.9997054934501648
Fruity vegetables,0.3,13,3,0.9876922965049744,0.9740479588508606,0.9965775012969971
Fruity vegetables,0.4,13,3,0.9523656368255615,0.9236515164375305,0.9797219038009644
Fruity vegetables,0.5,13,3,0.8681368827819824,0.8234422206878662,0.9309921264648438
Grain legumes,0.1,76,14,0.8808935880661011,0.8199945688247681,0.9195351600646973
Grain legumes,0.2,76,14,0.7111865878105164,0.6548371315002441,0.7940871715545654
Grain legumes,0.3,76,14,0.5446125864982605,0.48979267477989197,0.6549669504165649
Grain legumes,0.4,76,14,0.4001387655735016,0.3397432267665863,0.5344081521034241
Grain legumes,0.5,76,14,0.2838877737522125,0.21218502521514893,0.4545987546443939
Leafy vegetables,0.1,52,4,0.7050642967224121,0.579205334186554,0.9993646144866943
Leafy vegetables,0.2,52,4,0.5621511340141296,0.4390464723110199,0.9924702048301697
Leafy vegetables,0.3,52,4,0.4623066782951355,0.36953678727149963,0.9674863219261169
Leafy vegetables,0.4,52,4,0.38700082898139954,0.29902732372283936,0.9096968770027161
Leafy vegetables,0.5,52,4,0.327913761138916,0.24607296288013458,0.8077043294906616
Maize,0.1,51,10,0.8909558653831482,0.7935751080513,0.9633740186691284
Maize,0.2,51,10,0.7279124855995178,0.5787327885627747,0.864669919013977
Maize,0.3,51,10,0.563287615776062,0.4120635390281677,0.735417902469635
Maize,0.4,51,10,0.4174918830394745,0.27047938108444214,0.5873236060142517
Maize,0.5,51,10,0.2982538938522339,0.1709645539522171,0.4638499915599823
Tubers/root crops,0.1,12,2,0.9864150285720825,0.9828540086746216,0.9963242411613464
Tubers/root crops,0.2,12,2,0.9336421489715576,0.9188169240951538,0.971619725227356
Tubers/root crops,0.3,12,2,0.8382498621940613,0.807748019695282,0.9138649702072144
Tubers/root crops,0.4,12,2,0.7084518671035767,0.6687657237052917,0.8250210881233215
Tubers/root crops,0.5,12,2,0.5602337121963501,0.5035211443901062,0.7017315030097961
