crop,g,shading,rel
wheat,0.1,0.12800787389278412,0.8957262635231018
rice,0.1,0.11699172854423523,0.9068206548690796
maize,0.1,0.12281208485364914,0.905929684638977
soybean,0.1,0.12254761904478073,0.8871697187423706
potato,0.1,0.12178497016429901,0.8873860836029053
wheat,0.2,0.24953295290470123,0.7855380177497864
rice,0.2,0.23026154935359955,0.8068906664848328
maize,0.2,0.24120807647705078,0.8039700984954834
soybean,0.2,0.24086518585681915,0.7687062621116638
potato,0.2,0.2386912703514099,0.7760609984397888
wheat,0.3,0.3643931448459625,0.6729950308799744
rice,0.3,0.3391665518283844,0.7011159062385559
maize,0.3,0.3541896641254425,0.6957165002822876
soybean,0.3,0.35375067591667175,0.6483297944068909
potato,0.3,0.35002151131629944,0.6669635772705078
wheat,0.4,0.4714704155921936,0.5614487528800964
rice,0.4,0.44338470697402954,0.5931456089019775
maize,0.4,0.46113938093185425,0.5844054222106934
soybean,0.4,0.46089351177215576,0.529300332069397
potato,0.4,0.45544418692588806,0.5606105923652649
wheat,0.5,0.5717736482620239,0.4534471035003662
rice,0.5,0.5433598160743713,0.48471149802207947
maize,0.5,0.5625708103179932,0.4727851450443268
soybean,0.5,0.5625194907188416,0.41451790928840637
potato,0.5,0.5553258657455444,0.45745399594306946
