member,crop,g,shading,rel_yield
E3_m8,wheat,0.05,0.06448539346456528,0.9745649099349976
E3_m8,rice,0.05,0.05858014151453972,0.9540951251983643
E3_m8,maize,0.05,0.06095179542899132,0.973660945892334
E3_m8,soybean,0.05,0.061461079865694046,0.938042938709259
E3_m8,potato,0.05,0.06111184135079384,1.0070892572402954
E3_m8,wheat,0.1,0.1278855949640274,0.9426588416099548
E3_m8,rice,0.1,0.1164863184094429,0.9056262969970703
E3_m8,maize,0.1,0.12117915600538254,0.945237398147583
E3_m8,soybean,0.1,0.12207534164190292,0.8757647275924683
E3_m8,potato,0.1,0.12141557037830353,1.0071114301681519
E3_m8,wheat,0.2,0.24963440001010895,0.863710880279541
E3_m8,rice,0.2,0.22926026582717896,0.8034601807594299
E3_m8,maize,0.2,0.23788116872310638,0.8822342753410339
E3_m8,soybean,0.2,0.2397497594356537,0.7504540681838989
E3_m8,potato,0.2,0.23848606646060944,0.9860066771507263
E3_m8,wheat,0.3,0.3652496337890625,0.7689794301986694
E3_m8,rice,0.3,0.33790940046310425,0.6966264843940735
E3_m8,maize,0.3,0.3498830199241638,0.809611439704895
E3_m8,soybean,0.3,0.35248398780822754,0.6263914108276367
E3_m8,potato,0.3,0.350047767162323,0.9353157877922058
E3_m8,wheat,0.4,0.47361236810684204,0.6638631820678711
E3_m8,rice,0.4,0.4423631429672241,0.5883124470710754
E3_m8,maize,0.4,0.45681121945381165,0.7243286371231079
E3_m8,soybean,0.4,0.4590628147125244,0.5072625875473022
E3_m8,potato,0.4,0.45654940605163574,0.8582441210746765
E3_m8,wheat,0.5,0.5751646161079407,0.5530959963798523
E3_m8,rice,0.5,0.5422147512435913,0.48184624314308167
E3_m8,maize,0.5,0.5580404996871948,0.6280031204223633
E3_m8,soybean,0.5,0.5607702136039734,0.3943045735359192
E3_m8,potato,0.5,0.5571997761726379,0.757393479347229
E3_m8,wheat,0.6,0.6704698204994202,0.4408217966556549
E3_m8,rice,0.6,0.6378008127212524,0.37828415632247925
E3_m8,maize,0.6,0.6540559530258179,0.5210824012756348
E3_m8,soybean,0.6,0.6560693979263306,0.29260993003845215
E3_m8,potato,0.6,0.6526534557342529,0.6368800401687622
