method,area_pct,PWh
AV static,0.5425102055330814,2.611980107832663
AV static,1.0850204110661628,4.68937113083996
AV static,1.6275306165992443,6.759620046875237
AV static,2.1700408221323255,8.602783962252722
AV static,2.712551027665407,10.364720387088104
AV static,3.2550612331984885,11.98961580858289
AV static,3.6983762049775404,13.224367644179926
AV static,4.141691176756592,14.458298127468833
AV static,4.6842013822896735,15.940070209965441
AV static,5.226711587822755,17.18726316578552
AV static,5.671847715201362,18.15720102737731
AV static,6.115162686980414,19.099648091313956
AV static,6.657672892513494,20.249405554323804
AV static,7.100987864292546,21.170231143844713
AV static,7.643498069825629,22.274990634862256
AV static,8.18600827535871,23.36915955241759
AV static,8.272541433539123,23.542935743171633
AV static,8.815051639072205,24.628639422465966
AV static,8.90158479725262,24.795876368621894
AV static,9.344899769031672,25.651575906744156
AV static,9.431432927212084,25.816968886904565
AV static,9.973943132745166,26.852962654149096
AV static,10.417258104524217,27.695753043806196
AV static,10.860573076303268,28.528207934192018
AV static,10.947106234483684,28.69039207801462
AV static,11.489616440016764,29.688397058986098
AV static,11.934752567395371,30.506365874294797
AV static,12.378067539174422,31.28804249420366
AV static,12.82320366655303,32.07148300662891
AV static,13.268339793931636,32.84204636206807
AV static,13.810849999464716,33.763697657424935
AV static,13.89738315764513,33.9075245371294
AV static,13.983916315825546,34.050433169009004
AV static,14.427231287604595,34.77827164692241
AV static,14.51376444578501,34.91983428742841
AV static,14.95707941756406,35.64451605508094
AV static,15.043612575744472,35.78533440726229
AV static,15.130145733924888,35.925723106613255
AV static,15.216678892105302,36.06565700402694
AV static,15.659993863884353,36.77865337996841
AV static,16.10512999126296,37.49308816686464
AV static,16.54844496304201,38.2028158342466
AV static,16.99175993482106,38.911673792851964
AV static,17.436896062199665,39.607227388896526
AV static,17.882032189578272,40.30220431987576
AV static,18.424542395111356,41.14793042601504
AV static,18.51107555329177,41.28247152060013
AV static,19.053585758824852,42.116712187452116
AV static,19.4969007306039,42.79409484211051
AV static,19.94021570238295,43.47116022329594
AV static,20.026748860563366,43.60264397321874
AV static,20.11328201874378,43.73382799661982
AV static,20.199815176924194,43.8631003272217
AV static,20.28634833510461,43.99235109245673
AV static,20.37288149328502,44.120957088370446
AV static,20.81619646506407,44.77750110872896
AV static,21.259511436843123,45.42872631856208
AV static,21.346044595023535,45.554767759395354
AV static,21.789359566802588,46.18948659486907
AV static,21.875892724983,46.31210271844323
AV static,22.319207696762053,46.93776447386621
AV static,22.762522668541102,47.5613393606816
AV static,23.422634682954065,48.48944473627295
AV static,24.08274669736703,49.401305292979934
AV static,24.169279855547448,49.5191918251113
AV static,24.255813013727863,49.63504226185231
AV static,24.91592502814083,50.51651661456155
AV static,25.002458186321242,50.631832323520676
AV static,25.08899134450166,50.7457576610516
AV static,25.749103358914628,51.60816450025372
AV static,25.83563651709504,51.7211565060209
AV static,26.37814672262812,52.42594519943954
AV static,27.038258737041087,53.27757547786115
AV static,27.69837075145405,54.1186310423449
AV static,28.24088095698713,54.80779075979532
AV static,28.900992971400097,55.63666250229785
AV static,29.56110498581306,56.455355145990914
AV static,30.221217000226027,57.273965821601294
AV static,30.763727205759107,57.94424130101158
AV static,31.207042177538156,58.48979662715272
AV static,31.86715419195112,59.299958349854265
AV static,31.95368735013154,59.40610246377708
AV static,32.397002321910584,59.94800590942035
AV static,32.483535480091,60.05343283945082
AV static,32.92685045187005,60.591513167658015
AV static,33.370165423649105,61.12919981917208
AV static,34.030277438062065,61.92856178743909
AV static,34.57278764359515,62.581218455685836
AV static,35.11529784912823,63.2328476062767
AV static,35.7754098635412,64.022569245233
AV static,36.218724835320245,64.55175337496688
AV static,36.87883684973321,65.33927044598592
AV static,37.53894886414617,66.12059669637824
AV static,38.19906087855914,66.90075666072737
AV static,38.74157108409222,67.54184179012334
AV static,39.40168309850518,68.31915078490047
AV static,39.844998070284234,68.8385550822941
AV static,40.38750827581731,69.4731030147714
AV static,41.04762029023028,70.24201393984026
AV static,41.707732304643244,71.00831528027652
AV static,42.25024251017632,71.63649024776956
AV static,42.91035452458929,72.39974306864679
AV static,43.45286473012237,73.02602235430041
AV static,44.11297674453533,73.78232081384071
AV static,44.19950990271575,73.88118442554399
AV static,44.64464603009436,74.38974072839189
AV static,45.08978215747296,74.89685428891592
AV static,45.63229236300604,75.51471963232696
AV static,46.17480256853912,76.13195295991018
AV static,46.83491458295208,76.8815995356762
AV static,47.377424788485165,77.49732156959183
AV static,47.82256091586377,78.0007631966305
AV static,48.48267293027673,78.74625376463906
AV static,49.14278494468968,79.4898144122298
AV static,49.685295150222764,80.09691875353893
AV static,50.22780535575585,80.70355239542408
AV static,50.314338513936264,80.80018127354374
AV static,50.974450528349216,81.53452194606926
AV static,51.060983686529624,81.63078421794098
AV static,51.603493892062716,82.23293473599787
AV static,52.26360590647566,82.96548474369409
AV static,52.70874203385427,83.45871560625064
AV static,52.79527519203469,83.55419730960956
AV static,53.23859016381374,84.04096461556422
AV static,53.78110036934681,84.63650253704
AV static,54.22441534112586,85.12275703640665
AV static,54.667730312904915,85.60808288714507
AV static,55.112866440283526,86.09462410176889
AV static,55.19939959846394,86.18911759187675
AV static,55.28593275664434,86.28359077668229
AV static,55.731068884022946,86.76792200704956
AV static,56.174383855802,87.2491109029402
AV static,56.716894061335076,87.83694589637139
AV static,57.16020903311413,88.31633377721717
AV static,57.60352400489318,88.7956326507096
AV static,57.6900571630736,88.88918656705339
AV static,58.350169177486556,89.6014162058516
AV static,58.436702335666965,89.69474871459074
AV static,58.97921254120004,90.27699657956529
AV static,59.42434866857865,90.75391911990455
AV static,60.08446068299161,91.45834209790189
AV static,60.529596810370215,91.93259599364814
AV static,60.97473293774882,92.40625655373827
AV static,61.63484495216177,93.10778305295959
AV static,62.29495696657473,93.8073429504314
AV static,62.74009309395334,94.27879534214749
AV static,63.18522922133194,94.74931640721005
AV static,63.845341235744904,95.44699953882703
AV static,64.29047736312351,95.91341066178354
AV static,64.7356134905021,96.37898664459256
AV static,65.2781236960352,96.94507784180625
AV static,65.82063390156827,97.51071327327081
AV static,66.36314410710136,98.07563410145185
AV static,66.80828023447997,98.53882575949497
AV static,67.35079044001304,99.09943791457259
AV static,67.89330064554613,99.65828353715601
AV static,67.97983380372654,99.7473029924824
AV static,68.42496993110514,100.20346909591267
AV static,69.0850819455181,100.8777116272448
AV static,69.17161510369851,100.96569479847372
AV static,69.61493007547756,101.41290909224232
AV static,70.27504208989052,102.07664742724293
AV static,70.72017821726912,102.52280566540011
AV static,70.80671137544954,102.60929768613302
AV static,71.25184750282814,103.05316949927597
AV static,71.69698363020674,103.49627810490342
AV static,72.14211975758535,103.93806351643597
AV static,72.68462996311843,104.47511123709724
AV static,73.34474197753138,105.12615500969801
AV static,73.4312751357118,105.21099208229461
AV static,73.8764112630904,105.64739862093214
AV static,74.31972623486945,106.08008688318718
AV static,74.76486236224807,106.51076222825084
AV static,75.42497437666103,107.14854308270175
AV static,76.08508639107397,107.78373886918412
AV static,76.62759659660706,108.30154699385056
AV static,77.07273272398567,108.72594769118676
AV static,77.73284473839863,109.3511320498941
AV static,78.39295675281159,109.97277747380468
AV static,78.93546695834466,110.47649665772123
AV static,79.59557897275762,111.08337220820555
AV static,80.03889394453667,111.4897610227377
AV static,80.48220891631573,111.89527511986392
AV static,81.14232093072869,112.49687644396134
AV static,81.58745705810728,112.90223842658742
AV static,82.12996726364037,113.39512651057906
AV static,82.79007927805333,113.99057782832432
AV static,83.23521540543193,114.39203864795986
AV static,83.68035153281053,114.7920345794003
AV static,84.22286173834361,115.2762417720893
AV static,84.66799786572223,115.67034310421718
AV static,85.2105080712553,116.14512825463393
AV static,85.87062008566826,116.72240775423636
AV static,86.31575621304687,117.10783407094385
AV static,86.97586822745983,117.67895194980501
AV static,87.63598024187277,118.24622796359537
AV static,88.29609225628575,118.80800117271862
AV static,88.73940722806479,119.18508091942239
AV static,89.1845433554434,119.5623729984102
AV static,89.72705356097647,120.01601067002642
AV static,90.26956376650956,120.46943979941653
AV static,90.92967578092251,121.01366954796991
AV static,91.58978779533548,121.55417747022254
AV static,92.24989980974844,122.08552937850628
AV static,92.9100118241614,122.61289890946628
AV static,93.57012383857437,123.13218811558245
AV static,94.01525996595296,123.47637364872523
AV static,94.46039609333158,123.81946259806519
AV static,94.90371106511063,124.15840578003521
AV static,95.34884719248925,124.49858574878701
AV static,95.79398331986785,124.83841781419153
AV static,96.23911944724645,125.17649959783459
AV static,96.68425557462506,125.51289705572633
AV static,97.12939170200366,125.84736344891199
AV static,97.57452782938226,126.18074285878659
AV static,98.23463984379524,126.67304081005959
AV static,98.8947518582082,127.15733160011526
AV static,99.55486387262117,127.62442053157584
AV static,99.99999999999977,127.91404865297218
Seasonal sharing,0.5425102055330814,3.493029910203252
Seasonal sharing,1.0850204110661628,6.612360246730196
Seasonal sharing,1.6275306165992443,9.581256556112152
Seasonal sharing,2.1700408221323255,12.52885586712309
Seasonal sharing,2.613355793911377,14.885119319751393
Seasonal sharing,3.0566707656904284,16.981007108499945
Seasonal sharing,3.5991809712235097,19.45396962437684
Seasonal sharing,4.141691176756591,21.895526852989157
Seasonal sharing,4.5868273041351975,23.8983365235766
Seasonal sharing,5.030142275914249,25.785876434341596
Seasonal sharing,5.116675434094663,26.125606525803597
Seasonal sharing,5.659185639627745,28.24479405652516
Seasonal sharing,5.745718797808159,28.58204028921709
Seasonal sharing,5.832251955988573,28.915982402594686
Seasonal sharing,5.918785114168987,29.249442652576914
Seasonal sharing,6.578897128581951,31.711995816318897
Seasonal sharing,7.022212100361003,33.34125758596047
Seasonal sharing,7.1087452585414175,33.657614006012786
Seasonal sharing,7.19527841672183,33.96901628836738
Seasonal sharing,7.640414544100437,35.54876486181706
Seasonal sharing,7.726947702280852,35.855130078575534
Seasonal sharing,8.172083829659458,37.39299898573448
Seasonal sharing,8.615398801438511,38.90198867283557
Seasonal sharing,9.058713773217562,40.404629776792675
Seasonal sharing,9.502028744996615,41.90266250144299
Seasonal sharing,10.162140759409578,44.13285065705807
Seasonal sharing,10.60545573118863,45.60876631246228
Seasonal sharing,11.04877070296768,47.079282869877765
Seasonal sharing,11.591280908500764,48.84611711668472
Seasonal sharing,12.133791114033844,50.59293046303165
Seasonal sharing,12.577106085812895,52.0150006010961
Seasonal sharing,13.020421057591944,53.420382049120796
Seasonal sharing,13.562931263125028,55.1398790099577
Seasonal sharing,14.006246234904077,56.49794993600683
Seasonal sharing,14.548756440437158,58.14637084119906
Seasonal sharing,15.091266645970238,59.78236171368124
Seasonal sharing,15.63377685150332,61.396930441287864
Seasonal sharing,16.293888865916283,63.35524146050698
Seasonal sharing,16.3804220240967,63.610749559671156
Seasonal sharing,16.82373699587575,64.88455014777375
Seasonal sharing,17.48384901028871,66.76978706033334
Seasonal sharing,18.143961024701678,68.65148116273045
Seasonal sharing,18.68647123023476,70.18478131294474
Seasonal sharing,19.22898143576784,71.7177157228363
Seasonal sharing,19.67229640754689,72.95619218593058
Seasonal sharing,20.11561137932594,74.1941658203813
Seasonal sharing,20.775723393738904,76.02564461980828
Seasonal sharing,21.219038365517957,77.25326389989644
Seasonal sharing,21.662353337297006,78.47933490808154
Seasonal sharing,21.74888649547742,78.71703233485407
Seasonal sharing,21.835419653657834,78.95324820818692
Seasonal sharing,22.377929859190914,80.42803962520411
Seasonal sharing,22.46446301737133,80.6629026650592
Seasonal sharing,23.00697322290441,82.12673051314277
Seasonal sharing,23.093506381084826,82.3600508258061
Seasonal sharing,23.180039539265238,82.59194729322083
Seasonal sharing,23.62335451104429,83.76724748490167
Seasonal sharing,24.283466525457253,85.51621506504331
Seasonal sharing,24.36999968363767,85.74532653515733
Seasonal sharing,24.91250988917075,87.1731607243804
Seasonal sharing,25.3558248609498,88.32137544377213
Seasonal sharing,25.442358019130218,88.54210256754618
Seasonal sharing,25.9848682246633,89.92133303359023
Seasonal sharing,26.4300043520419,91.03014585757771
Seasonal sharing,27.09011636645487,92.67129446460626
Seasonal sharing,27.75022838086783,94.30252997980129
Seasonal sharing,28.193543352646884,95.39106682563288
Seasonal sharing,28.638679480025488,96.48391863466716
Seasonal sharing,29.081994451804537,97.5681320819794
Seasonal sharing,29.7421064662175,99.17957023873512
Seasonal sharing,29.82863962439792,99.39018812754712
Seasonal sharing,29.91517278257834,99.59971415896669
Seasonal sharing,30.00170594075875,99.80892075713123
Seasonal sharing,30.661817955171717,101.40316198438244
Seasonal sharing,31.10513292695077,102.47291705205991
Seasonal sharing,31.548447898729815,103.53213775350675
Seasonal sharing,32.090958104262896,104.81800713744207
Seasonal sharing,32.5360942316415,105.87293191160201
Seasonal sharing,33.196206246054466,107.4331322074094
Seasonal sharing,33.73871645158755,108.69722925564298
Seasonal sharing,34.28122665712063,109.95838219531201
Seasonal sharing,34.94133867153359,111.49150801543185
Seasonal sharing,35.3864747989122,112.52130896581048
Seasonal sharing,35.47300795709261,112.72108841527464
Seasonal sharing,36.015518162625696,113.97230130082524
Seasonal sharing,36.55802836815878,115.21679919020212
Seasonal sharing,36.64456152633919,115.41482445902123
Seasonal sharing,36.73109468451961,115.61196280410343
Seasonal sharing,36.81762784270003,115.80754019684669
Seasonal sharing,36.90416100088044,116.0029602774704
Seasonal sharing,37.44667120641353,117.22567896088533
Seasonal sharing,37.88998617819257,118.2219613361949
Seasonal sharing,38.432496383725656,119.44030691616702
Seasonal sharing,38.87581135550471,120.43469150059208
Seasonal sharing,39.32094748288331,121.43210328924128
Seasonal sharing,39.764262454662365,122.41346817366515
Seasonal sharing,40.20939858204097,123.38759247733424
Seasonal sharing,40.65453470941957,124.36109450175937
Seasonal sharing,41.097849681198625,125.32887129717528
Seasonal sharing,41.54116465297767,126.29487104348385
Seasonal sharing,42.083674858510754,127.46921909221167
Seasonal sharing,42.17020801669117,127.65573738968376
Seasonal sharing,42.83032003110414,129.06350611109033
Seasonal sharing,42.916853189284545,129.24749661175795
Seasonal sharing,43.57696520369751,130.64241314524017
Seasonal sharing,44.23707721811048,132.03630112622076
Seasonal sharing,44.68221334548908,132.9743831626132
Seasonal sharing,45.34232535990205,134.35539214422687
Seasonal sharing,45.884835565435125,135.48887528867542
Seasonal sharing,46.54494757984809,136.86717736831562
Seasonal sharing,47.087457785381176,137.99455945227976
Seasonal sharing,47.747569799794135,139.36405855088884
Seasonal sharing,48.407681814207095,140.72927915208462
Seasonal sharing,49.06779382862005,142.09289284635105
Seasonal sharing,49.72790584303301,143.44521803348883
Seasonal sharing,50.17304197041162,144.35621844055044
Seasonal sharing,50.259575128592026,144.53311775870023
Seasonal sharing,50.8020853341251,145.63890821212598
Seasonal sharing,51.34459553965819,146.7348173646669
Seasonal sharing,52.00470755407115,148.0519632697334
Seasonal sharing,52.6648195684841,149.3622160582909
Seasonal sharing,53.324931582897065,150.66885815339162
Seasonal sharing,53.77006771027567,151.5497146742618
Seasonal sharing,54.21520383765427,152.4226220037332
Seasonal sharing,54.30173699583468,152.59045203456765
Seasonal sharing,54.96184901024764,153.8640056483783
Seasonal sharing,55.62196102466061,155.13383696756608
Seasonal sharing,56.282073039073566,156.3982535695787
Seasonal sharing,56.94218505348652,157.65995235771203
Seasonal sharing,57.4846952590196,158.69232149498762
Seasonal sharing,58.02720546455268,159.69894718994055
Seasonal sharing,58.47052043633173,160.52149395788217
Seasonal sharing,59.013030641864816,161.52333158182697
Seasonal sharing,59.45816676924341,162.34168784329796
Seasonal sharing,60.0006769747765,163.3378747070904
Seasonal sharing,60.445813102155114,164.14816183417653
Seasonal sharing,61.10592511656806,165.34771980043524
Seasonal sharing,61.54924008834711,166.14966809667413
Seasonal sharing,61.63577324652753,166.30585139055515
Seasonal sharing,62.29588526094049,167.4928341580196
Seasonal sharing,62.3824184191209,167.6482377236866
Seasonal sharing,62.82573339089995,168.43419149288758
Seasonal sharing,63.269048362678994,169.21873339474075
Seasonal sharing,63.929160377091954,170.3858093100494
Seasonal sharing,64.37429650447056,171.17169664517877
Seasonal sharing,64.81943263184917,171.95638106079522
Seasonal sharing,65.26456875922777,172.72950878969675
Seasonal sharing,65.92468077364073,173.87224907086127
Seasonal sharing,66.36981690101933,174.63863006995874
Seasonal sharing,67.0299289154323,175.7736157092042
Seasonal sharing,67.57243912096538,176.697878646416
Seasonal sharing,68.11494932649845,177.61673120560496
Seasonal sharing,68.65745953203154,178.53500450756096
Seasonal sharing,69.10259565941014,179.2774220633689
Seasonal sharing,69.7627076738231,180.36138990623996
Seasonal sharing,70.30521787935619,181.2494965114554
Seasonal sharing,70.84772808488925,182.11767640805553
Seasonal sharing,70.93426124306967,182.25541304460742
Seasonal sharing,71.59437325748263,183.30522772263362
Seasonal sharing,72.03950938486123,184.0128749342125
Seasonal sharing,72.12604254304165,184.15032578936564
Seasonal sharing,72.78615455745461,185.18984374947675
Seasonal sharing,72.87268771563502,185.32560230578778
Seasonal sharing,73.31782384301361,186.02143448583934
Seasonal sharing,73.97793585742659,187.0496689967009
Seasonal sharing,74.42307198480519,187.74274455660034
Seasonal sharing,74.86638695658424,188.43130646407042
Seasonal sharing,75.31152308396284,189.12021397362417
Seasonal sharing,75.75665921134144,189.80669239296105
Seasonal sharing,76.29916941687452,190.64044979377866
Seasonal sharing,76.74248438865358,191.3163180260619
Seasonal sharing,77.18762051603218,191.98343648528586
Seasonal sharing,77.2741536742126,192.11068047273338
Seasonal sharing,77.36068683239301,192.23784783260493
Seasonal sharing,78.02079884680596,193.2063281146372
Seasonal sharing,78.56330905233905,194.0001537926534
Seasonal sharing,79.00844517971764,194.65129824152166
Seasonal sharing,79.45358130709626,195.29911555943514
Seasonal sharing,80.11369332150922,196.24531554441037
Seasonal sharing,80.55882944888782,196.88208653333032
Seasonal sharing,81.00396557626642,197.5115830259383
Seasonal sharing,81.66407759067938,198.44224018935606
Seasonal sharing,82.20658779621246,199.19052477917967
Seasonal sharing,82.65172392359106,199.80357239237046
Seasonal sharing,83.09503889537012,200.41258042380494
Seasonal sharing,83.6375491009032,201.15690053671253
Seasonal sharing,83.72408225908362,201.27550894920074
Seasonal sharing,84.38419427349658,202.16317600363064
Seasonal sharing,84.82933040087516,202.75599775709063
Seasonal sharing,85.37184060640826,203.462985337908
Seasonal sharing,85.81697673378686,204.0405856774579
Seasonal sharing,86.26211286116546,204.61596631383233
Seasonal sharing,86.80462306669855,205.31287815770332
Seasonal sharing,87.4647350811115,206.15488467370992
Seasonal sharing,88.12484709552446,206.99431605017742
Seasonal sharing,88.66735730105755,207.6759245337739
Seasonal sharing,89.32746931547051,208.4997153088749
Seasonal sharing,89.86997952100359,209.17335320332296
Seasonal sharing,90.53009153541655,209.98752548463307
Seasonal sharing,91.1902035498295,210.78218990083522
Seasonal sharing,91.63351852160856,211.30832793474696
Seasonal sharing,92.0768334933876,211.83237461823208
Seasonal sharing,92.73694550780057,212.60594723359793
Seasonal sharing,93.18208163517919,213.12167618543555
Seasonal sharing,93.26861479335959,213.22180937273785
Seasonal sharing,93.92872680777256,213.97179062321368
Seasonal sharing,94.37386293515117,214.46317929666938
Seasonal sharing,94.46039609333158,214.55836825028877
Seasonal sharing,94.90553222071017,215.03488135649732
Seasonal sharing,95.34884719248925,215.5090539882886
Seasonal sharing,95.79398331986785,215.98179736981834
Seasonal sharing,96.23911944724645,216.44697010039226
Seasonal sharing,96.68425557462506,216.90836152411518
Seasonal sharing,97.34436758903803,217.58979980172361
Seasonal sharing,98.00447960345099,218.26643723881907
Seasonal sharing,98.44961573082959,218.71471499870424
Seasonal sharing,98.8947518582082,219.1603093500822
Seasonal sharing,99.3398879855868,219.5794261372825
Seasonal sharing,99.99999999999977,220.17205721324217
Phenology rule,0.5425102055330814,4.190263559371564
Phenology rule,1.0850204110661628,8.196494183492874
Phenology rule,1.5283353828452142,11.431985324553327
Phenology rule,1.9716503546242654,14.387179352041068
Phenology rule,2.5141605601573467,17.9639392723292
Phenology rule,3.0566707656904284,21.474889335753335
Phenology rule,3.5991809712235097,24.64670772896179
Phenology rule,4.044317098602116,27.248186776231254
Phenology rule,4.13085025678253,27.70188915145152
Phenology rule,4.673360462315611,30.544287535710865
Phenology rule,5.116675434094663,32.86241256404369
Phenology rule,5.203208592275078,33.309646182560925
Phenology rule,5.745718797808159,35.9075863138791
Phenology rule,5.832251955988573,36.318781461757524
Phenology rule,5.918785114168987,36.718469491972094
Phenology rule,6.362100085948039,38.755689011593454
Phenology rule,6.448633244128453,39.14289558272974
Phenology rule,7.1087452585414175,42.05502086098955
Phenology rule,7.19527841672183,42.436077973616115
Phenology rule,7.281811574902244,42.81600504935662
Phenology rule,7.941923589315208,45.65137382738036
Phenology rule,8.38523856109426,47.51556887064518
Phenology rule,8.828553532873313,49.33948906152391
Phenology rule,9.371063738406393,51.563654014229485
Phenology rule,9.816199865785,53.31406967727452
Phenology rule,10.259514837564051,55.04875251102363
Phenology rule,10.702829809343104,56.78206809118136
Phenology rule,11.146144781122155,58.50049082259522
Phenology rule,11.688654986655237,60.5895206822122
Phenology rule,12.23116519218832,62.67698239050397
Phenology rule,12.674480163967369,64.35242689919694
Phenology rule,13.119616291345976,65.99755031350351
Phenology rule,13.562931263125028,67.61852002601387
Phenology rule,14.006246234904077,69.23624361204234
Phenology rule,14.449561206683128,70.83609225702567
Phenology rule,14.992071412216209,72.7692761719207
Phenology rule,15.652183426629174,75.10690913467451
Phenology rule,15.738716584809588,75.40896099566618
Phenology rule,16.182031556588637,76.9508485868392
Phenology rule,16.268564714769052,77.25164445360905
Phenology rule,16.811074920302133,79.12988014284736
Phenology rule,17.254389892081182,80.62682298346421
Phenology rule,17.796900097614266,82.4551514475494
Phenology rule,18.339410303147346,84.28288810703562
Phenology rule,18.782725274926396,85.77391205301063
Phenology rule,19.44283728933936,87.99335109152267
Phenology rule,19.985347494872443,89.80533580315628
Phenology rule,20.645459509285406,92.00553546564358
Phenology rule,21.187969714818486,93.80620676391703
Phenology rule,21.63128468659754,95.26773923989207
Phenology rule,22.17379489213062,97.05002160354844
Phenology rule,22.61710986390967,98.49097372380504
Phenology rule,23.27722187832263,100.63657404951445
Phenology rule,23.937333892735595,102.7368173290612
Phenology rule,24.023867050916014,103.01024040817236
Phenology rule,24.11040020909643,103.28120172031406
Phenology rule,24.196933367276845,103.5518548860634
Phenology rule,24.640248339055898,104.93321966550418
Phenology rule,25.08356331083495,106.31254691566089
Phenology rule,25.170096469015363,106.58104131007009
Phenology rule,25.712606674548443,108.24001258711789
Phenology rule,25.799139832728862,108.50146330697058
Phenology rule,26.459251847141825,110.4904842929914
Phenology rule,27.00176205267491,112.11920789275258
Phenology rule,27.446898180053513,113.43109425052909
Phenology rule,27.533431338233928,113.68593827882376
Phenology rule,27.619964496414344,113.94004605189677
Phenology rule,28.280076510827307,115.87266037575026
Phenology rule,28.366609669007726,116.12335942113428
Phenology rule,29.026721683420693,118.0316288848975
Phenology rule,29.47003665519974,119.30356799271256
Phenology rule,30.130148669612705,121.19727500292561
Phenology rule,30.216681827793117,121.44480319194248
Phenology rule,30.661817955171728,122.71509415588449
Phenology rule,31.321929969584687,124.59400581594683
Phenology rule,31.408463127765106,124.83932175532013
Phenology rule,31.85359925514371,126.09201202163385
Phenology rule,32.51371126955667,127.94597260201084
Phenology rule,33.05622147508976,129.46474811766274
Phenology rule,33.59873168062284,130.97529106016816
Phenology rule,34.2588436950358,132.80453544782947
Phenology rule,34.34537685321622,133.0442685555984
Phenology rule,34.790512980594826,134.26533891932397
Phenology rule,35.3330231861279,135.75326229025777
Phenology rule,35.87553339166099,137.2392478821695
Phenology rule,35.9620665498414,137.47212180662703
Phenology rule,36.40538152162045,138.66400106462677
Phenology rule,36.8486964933995,139.8391978914077
Phenology rule,37.293832620778105,141.01789269501987
Phenology rule,37.95394463519107,142.76516626031403
Phenology rule,38.39725960697012,143.9349932860496
Phenology rule,38.93976981250321,145.3658190983258
Phenology rule,39.59988182691617,147.1059596725105
Phenology rule,40.259993841329134,148.84454818028857
Phenology rule,40.34652699950955,149.07040051278142
Phenology rule,41.006639013922516,150.77996913469931
Phenology rule,41.093172172102925,151.00311717541058
Phenology rule,41.75328418651589,152.70483695241074
Phenology rule,42.295794392048975,154.1009681430937
Phenology rule,42.955906406461935,155.7965126477622
Phenology rule,43.04243956464235,156.01739883741186
Phenology rule,43.70255157905532,157.69696615759142
Phenology rule,44.2450617845884,159.07665279351755
Phenology rule,44.90517379900136,160.7456196186254
Phenology rule,45.447684004534445,162.11501098681163
Phenology rule,45.99019421006753,163.48185235304044
Phenology rule,46.650306224480495,165.14197730296334
Phenology rule,46.7368393826609,165.3584084079846
Phenology rule,47.1819755100395,166.467025807488
Phenology rule,47.62529048181855,167.57029399932165
Phenology rule,48.070426609197156,168.67067759153136
Phenology rule,48.51556273657577,169.76568773480807
Phenology rule,48.95887770835481,170.85316183913127
Phenology rule,49.402192680133865,171.92618692059975
Phenology rule,50.062304694546825,173.51334128647235
Phenology rule,50.722416708959784,175.09966639433037
Phenology rule,51.16573168073884,176.1560158066228
Phenology rule,51.61086780811745,177.21291512403175
Phenology rule,51.69740096629785,177.41788413912607
Phenology rule,52.14253709367645,178.46823069456147
Phenology rule,52.68504729920954,179.7354565593636
Phenology rule,53.34515931362249,181.26354353765853
Phenology rule,54.005271328035455,182.78699005235745
Phenology rule,54.54778153356854,184.01884346838153
Phenology rule,55.20789354798149,185.5117757515175
Phenology rule,55.86800556239445,187.00418278795655
Phenology rule,56.311320534173504,188.0005117899097
Phenology rule,56.97143254858646,189.47853728564152
Phenology rule,57.63154456299942,190.9528194825025
Phenology rule,58.076680690378026,191.939958673897
Phenology rule,58.61919089591111,193.13253889214485
Phenology rule,59.16170110144419,194.3224129206711
Phenology rule,59.6068372288228,195.28990045806364
Phenology rule,60.26694924323576,196.72110453454704
Phenology rule,60.809459448768834,197.89664156166782
Phenology rule,61.46957146318179,199.3205326708431
Phenology rule,62.01208166871487,200.48513441833694
Phenology rule,62.09861482689528,200.67056628237265
Phenology rule,62.185147985075695,200.8499719931133
Phenology rule,62.845259999488654,202.2089076877642
Phenology rule,62.93179315766907,202.38695966947577
Phenology rule,63.376929285047666,203.29921273544022
Phenology rule,64.03704129946063,204.6456592854903
Phenology rule,64.57955150499372,205.74638891665333
Phenology rule,65.1220617105268,206.84074442816652
Phenology rule,65.78217372493975,208.15426664383682
Phenology rule,66.2254886967188,209.027721765087
Phenology rule,66.76799890225188,210.08722223346885
Phenology rule,67.21131387403094,210.94642811091316
Phenology rule,67.8714258884439,212.22295053585452
Phenology rule,68.31474086022294,213.07960989090435
Phenology rule,68.75987698760156,213.93742723688226
Phenology rule,69.20501311498015,214.78589343543726
Phenology rule,69.29154627316056,214.94948992584446
Phenology rule,69.73668240053918,215.7893129027129
Phenology rule,70.18181852791777,216.62570526701003
Phenology rule,70.72432873345086,217.6377936270922
Phenology rule,71.26683893898394,218.64182122826628
Phenology rule,71.71015391076298,219.4606154870786
Phenology rule,72.1552900381416,220.27634854049455
Phenology rule,72.60042616552019,221.0898019666128
Phenology rule,72.6869593237006,221.2474286459508
Phenology rule,73.34707133811357,222.44949537879327
Phenology rule,73.79220746549217,223.25086145417188
Phenology rule,73.87874062367258,223.40660616503342
Phenology rule,74.32205559545163,224.2008220339437
Phenology rule,74.98216760986459,225.3769066641999
Phenology rule,75.52467781539767,226.3385924475948
Phenology rule,75.96981394277627,227.126254342045
Phenology rule,76.41495007015489,227.91053098940554
Phenology rule,76.95746027568796,228.86053390494328
Phenology rule,77.61757229010092,230.00150694128828
Phenology rule,78.06270841747953,230.76609528540112
Phenology rule,78.72282043189249,231.89028271957778
Phenology rule,79.16795655927109,232.64099975841202
Phenology rule,79.82806857368405,233.7459316672555
Phenology rule,79.91460173186447,233.89033387920736
Phenology rule,80.35973785924307,234.62562158558637
Phenology rule,81.01984987365603,235.71315471808262
Phenology rule,81.46498600103463,236.4380835254178
Phenology rule,81.91012212841324,237.16193571971
Phenology rule,81.99665528659365,237.30086474562054
Phenology rule,82.53916549212673,238.1685964299089
Phenology rule,83.19927750653969,239.21956423412612
Phenology rule,83.85938952095265,240.27045176792845
Phenology rule,83.94592267913306,240.40760097499992
Phenology rule,84.38923765091211,241.09658068235748
Phenology rule,84.93174785644518,241.92749659551404
Phenology rule,85.37688398382379,242.60836996984415
Phenology rule,85.91939418935686,243.43240264242968
Phenology rule,86.36453031673548,244.1069143250999
Phenology rule,86.80966644411409,244.7805824829826
Phenology rule,87.35217664964716,245.59738574625598
Phenology rule,87.89468685518025,246.39254296537553
Phenology rule,88.43719706071333,247.17826827945427
Phenology rule,89.09730907512629,248.1323492713702
Phenology rule,89.5424452025049,248.77469171147087
Phenology rule,90.20255721691784,249.72280140876353
Phenology rule,90.64769334429646,250.35549453353642
Phenology rule,91.19020354982953,251.12175748776318
Phenology rule,91.85031556424249,252.0519354932367
Phenology rule,92.2954516916211,252.67568482829518
Phenology rule,92.7405878189997,253.29783977905154
Phenology rule,93.40069983341267,254.20892811938066
Phenology rule,93.84401480519173,254.7923403644053
Phenology rule,94.5041268196047,255.64632341130562
Phenology rule,94.94744179138375,256.2135074299499
Phenology rule,95.03397494956417,256.32358772903245
Phenology rule,95.69408696397714,257.1534954703586
Phenology rule,95.78062012215756,257.26155401361535
Phenology rule,96.22575624953615,257.79871086044085
Phenology rule,96.66907122131522,258.3285606975572
Phenology rule,97.11420734869382,258.8574865122311
Phenology rule,97.55934347607243,259.376333034289
Phenology rule,98.00447960345103,259.887907468053
Phenology rule,98.44961573082965,260.3804471109921
Phenology rule,98.89475185820824,260.8713522859969
Phenology rule,99.55486387262121,261.5985320085812
Phenology rule,99.99999999999982,262.046132752208
Stress rule,0.4433149717790514,3.5547418353185387
Stress rule,0.9858251773121327,7.383711689139162
Stress rule,1.5283353828452142,10.89150281846748
Stress rule,2.0708455883782957,13.883338445564807
Stress rule,2.613355793911377,16.82508633478988
Stress rule,3.1558659994444587,19.5354820027481
Stress rule,3.6983762049775404,22.109619703829303
Stress rule,4.141691176756592,24.090063634361723
Stress rule,4.228224334937006,24.468235767176978
Stress rule,4.671539306716058,26.386567064168172
Stress rule,5.214049512249138,28.69389511181771
Stress rule,5.300582670429553,29.050621677556734
Stress rule,5.743897642208605,30.824988140996634
Stress rule,6.189033769587212,32.54162816866012
Stress rule,6.632348741366263,34.24842374055891
Stress rule,7.075663713145315,35.94231925343605
Stress rule,7.618173918678396,38.01030937417341
Stress rule,8.061488890457449,39.68717828358179
Stress rule,8.60399909599053,41.625948778467304
Stress rule,9.04731406776958,43.18925465253446
Stress rule,9.589824273302664,45.10210598424036
Stress rule,10.03496040068127,46.6431994249934
Stress rule,10.478275372460322,48.13228345098505
Stress rule,10.921590344239373,49.598931176410375
Stress rule,11.36672647161798,51.05810834214833
Stress rule,11.811862598996587,52.514414005533695
Stress rule,12.471974613409552,54.668743293959885
Stress rule,13.132086627822515,56.82245032275768
Stress rule,13.674596833355599,58.57268440437643
Stress rule,14.117911805134648,59.997291912489146
Stress rule,14.660422010667729,61.656254183145414
Stress rule,15.320534025080693,63.66379145580565
Stress rule,15.863044230613774,65.30525280665417
Stress rule,16.405554436146854,66.91262394560762
Stress rule,17.065666450559817,68.84117690960831
Stress rule,17.50898142233887,70.12152865907495
Stress rule,18.05149162787195,71.68724279316073
Stress rule,18.494806599651,72.9572709319708
Stress rule,18.581339757831415,73.20504773892526
Stress rule,19.241451772244382,75.06831095322534
Stress rule,19.68476674402343,76.2945518616658
Stress rule,20.12808171580248,77.52069470476079
Stress rule,20.788193730215447,79.33148785572803
Stress rule,21.23332985759405,80.54667108894466
Stress rule,21.6766448293731,81.7513390052433
Stress rule,21.76317798755352,81.98557769363084
Stress rule,21.84971114573393,82.21945729382269
Stress rule,22.29302611751298,83.41753489181208
Stress rule,22.379559275693396,83.6505907720378
Stress rule,23.03967129010636,85.42306271452374
Stress rule,23.58218149563944,86.87404968063919
Stress rule,24.025496467418492,88.03270680248029
Stress rule,24.46881143919754,89.18810233949526
Stress rule,24.912126410976594,90.32033871357463
Stress rule,24.99865956915701,90.54062194778479
Stress rule,25.44197454093606,91.66416895540755
Stress rule,25.528507699116474,91.88305446346472
Stress rule,25.971822670895527,92.99887060060125
Stress rule,26.058355829075943,93.21663680610983
Stress rule,26.503491956454546,94.33280547004973
Stress rule,27.163603970867513,95.97500471096882
Stress rule,27.250137129047925,96.18951573555083
Stress rule,27.693452100826978,97.27913027801324
Stress rule,27.779985259007393,97.49137587546754
Stress rule,28.223300230786446,98.57846723244575
Stress rule,28.765810436319526,99.90851854771861
Stress rule,29.21094656369813,100.99863649829308
Stress rule,29.654261535477183,102.07531901142477
Stress rule,29.740794693657595,102.28313840904202
Stress rule,30.400906708070565,103.86442568196766
Stress rule,30.943416913603645,105.15537251535007
Stress rule,31.603528928016605,106.7074059755062
Stress rule,32.046843899795654,107.74571233922578
Stress rule,32.70695591420862,109.28545793963714
Stress rule,33.249466119741705,110.54534757893872
Stress rule,33.79197632527479,111.80243669234075
Stress rule,33.8785094834552,112.00035974399162
Stress rule,34.42101968898828,113.23961760700767
Stress rule,35.08113170340125,114.72240895958865
Stress rule,35.5244466751803,115.71154832181162
Stress rule,35.969582802558904,116.68900846477631
Stress rule,36.41471892993751,117.66615412847429
Stress rule,37.07483094435047,119.11268407042948
Stress rule,37.51814591612952,120.0760843459763
Stress rule,37.604679074309935,120.26287945552083
Stress rule,38.14718927984302,121.42899314137053
Stress rule,38.6896994853761,122.58195607149908
Stress rule,39.23220969090918,123.73194550682409
Stress rule,39.774719896442264,124.87412803646897
Stress rule,39.86125305462268,125.05598481053745
Stress rule,40.40376326015576,126.19404758961237
Stress rule,40.94627346568884,127.32727449452412
Stress rule,41.38958843746789,128.25127462722793
Stress rule,41.93209864300098,129.3774284164361
Stress rule,42.592210657413936,130.73968212662191
Stress rule,43.2523226718269,132.0980692989655
Stress rule,43.697458799205506,133.01272380241457
Stress rule,44.357570813618466,134.35049395890817
Stress rule,44.80088578539752,135.24832138501347
Stress rule,44.88741894357794,135.42235771078666
Stress rule,45.332555070956545,136.31419953120837
Stress rule,45.41908822913695,136.48717979171334
Stress rule,45.862403200916006,137.3720292380486
Stress rule,46.305718172695066,138.25501396460612
Stress rule,46.96583018710802,139.56787975654788
Stress rule,47.41096631448663,140.4511751497149
Stress rule,47.49749947266704,140.62257657473668
Stress rule,47.58403263084745,140.79279396273955
Stress rule,48.02916875822606,141.66784886537582
Stress rule,48.57167896375913,142.72703470663134
Stress rule,48.65821212193955,142.89574783777923
Stress rule,48.74474528011996,143.06432574835236
Stress rule,49.18988140749857,143.9289931241626
Stress rule,49.633196379277614,144.78943768203206
Stress rule,50.07833250665622,145.65250799708733
Stress rule,50.738444521069184,146.92415502463083
Stress rule,51.18358064844778,147.77978829031065
Stress rule,51.84369266286074,149.03131078956733
Stress rule,52.28700763463979,149.87078159808752
Stress rule,52.94711964905275,151.11878671707396
Stress rule,53.392255776431355,151.95981149234527
Stress rule,53.93476598196444,152.98403517599243
Stress rule,54.477276187497516,154.00557834198273
Stress rule,54.92241231487613,154.8435484555193
Stress rule,55.582524329289086,156.085362519718
Stress rule,56.24263634370203,157.32280304052483
Stress rule,56.78514654923512,158.33810989620235
Stress rule,56.87167970741554,158.4997163871716
Stress rule,56.95821286559595,158.66065705453852
Stress rule,57.6183248800089,159.88812423386844
Stress rule,58.06346100738751,160.71259247157633
Stress rule,58.72357302180047,161.92709972547337
Stress rule,59.38368503621343,163.13639783219904
Stress rule,59.828821163592025,163.9517120641613
Stress rule,60.371331369125116,164.93147800535255
Stress rule,60.81646749650371,165.73124752526522
Stress rule,61.47657951091667,166.91673149796654
Stress rule,62.13669152532964,168.09545111933153
Stress rule,62.581827652708235,168.88871185320747
Stress rule,63.026963780086845,169.67723055996797
Stress rule,63.687075794499805,170.83607889824373
Stress rule,64.13221192187841,171.61178271699725
Stress rule,64.21874508005881,171.76229767369185
Stress rule,64.66388120743743,172.53333056897213
Stress rule,65.32399322185039,173.6672308482403
Stress rule,65.98410523626333,174.80106937923426
Stress rule,66.64421725067629,175.92436094437718
Stress rule,67.30432926508925,177.04417254818893
Stress rule,67.84683947062233,177.94721082682835
Stress rule,68.29197559800095,178.68694910328801
Stress rule,68.73529056977999,179.4228780822818
Stress rule,68.8218237279604,179.56587843028063
Stress rule,69.26695985533901,180.29659850531957
Stress rule,69.71209598271761,181.01895325974917
Stress rule,70.37220799713057,182.0890371541876
Stress rule,70.81734412450918,182.79525995596055
Stress rule,70.90387728268959,182.93241548944596
Stress rule,71.3490134100682,183.63775146158156
Stress rule,71.43554656824861,183.77461183608716
Stress rule,71.8806826956272,184.4771903511857
Stress rule,71.96721585380762,184.6134315904712
Stress rule,72.62732786822058,185.6504861409979
Stress rule,72.71386102640099,185.78566326579687
Stress rule,72.8003941845814,185.91875812865263
Stress rule,72.88692734276181,186.05110898712036
Stress rule,73.54703935717477,187.06070383187452
Stress rule,73.63357251535518,187.1924496138198
Stress rule,74.07870864273379,187.86725810643065
Stress rule,74.1652418009142,187.99667916761663
Stress rule,74.70775200644728,188.80435336576443
Stress rule,75.25026221198037,189.60844869718912
Stress rule,75.79277241751345,190.40400285184646
Stress rule,75.87930557569386,190.53025757816346
Stress rule,76.53941759010682,191.485233451734
Stress rule,77.0819277956399,192.2679679606477
Stress rule,77.5270639230185,192.90471677211582
Stress rule,78.06957412855158,193.67880460631693
Stress rule,78.61208433408467,194.44840605475952
Stress rule,79.15459453961773,195.21584158150577
Stress rule,79.59973066699635,195.84405682690436
Stress rule,80.25984268140931,196.7662098046708
Stress rule,80.91995469582227,197.68189158905292
Stress rule,81.58006671023522,198.58300959687486
Stress rule,82.24017872464819,199.48317108014047
Stress rule,82.68349369642723,200.08492898301358
Stress rule,83.3436057108402,200.97866426694452
Stress rule,83.43013886902061,201.09577789608332
Stress rule,84.09025088343355,201.98166556444218
Stress rule,84.17678404161397,202.09764181731805
Stress rule,84.26331719979439,202.21306586419715
Stress rule,84.80582740532748,202.9366002069196
Stress rule,85.46593941974044,203.81241215858154
Stress rule,86.12605143415338,204.66873940366537
Stress rule,86.66856163968647,205.37211046603943
Stress rule,87.21107184521955,206.07009510970144
Stress rule,87.65620797259815,206.64050239132146
Stress rule,88.10134409997676,207.20862761394037
Stress rule,88.76145611438972,208.04610829990307
Stress rule,89.20659224176832,208.61067005051353
Stress rule,89.7491024473014,209.29211486026395
Stress rule,90.29161265283449,209.96656338768298
Stress rule,90.95172466724745,210.77875319697708
Stress rule,91.6118366816604,211.5845957133632
Stress rule,92.15434688719348,212.23702828026512
Stress rule,92.69685709272656,212.8809978220151
Stress rule,93.35696910713952,213.66197057114752
Stress rule,94.0170811215525,214.42537444933123
Stress rule,94.67719313596547,215.15942514849525
Stress rule,95.12050810774453,215.64855357893063
Stress rule,95.78062012215749,216.3499672398348
Stress rule,96.2257562495361,216.8081528019727
Stress rule,96.6708923769147,217.2661707897373
Stress rule,97.11602850429331,217.72288687660298
Stress rule,97.56116463167191,218.16627402281412
Stress rule,98.00630075905052,218.6074586219918
Stress rule,98.45143688642912,219.04260565663895
Stress rule,98.89475185820818,219.47498575845304
Stress rule,99.55486387262114,220.05338640369834
Stress rule,99.99999999999976,220.44139491320203
SALS,0.5425102055330814,5.5768713313516125
SALS,1.0850204110661628,11.131447455937648
SALS,1.6275306165992443,16.38557382308476
SALS,2.072666743977851,20.580885775784058
SALS,2.5159817157569027,24.257345449833014
SALS,2.959296687535953,27.90643923125286
SALS,3.501806893069035,32.04347991759694
SALS,4.044317098602116,35.928053436576384
SALS,4.5868273041351975,39.700553420778746
SALS,4.673360462315611,40.30121402651644
SALS,5.116675434094663,43.213672887405714
SALS,5.559990405873715,46.03353296399189
SALS,6.102500611406796,49.376021937846986
SALS,6.545815583185849,52.01275693329942
SALS,6.632348741366262,52.49587794363908
SALS,6.718881899546676,52.97885804776585
SALS,7.162196871325728,55.328452993999974
SALS,7.60551184310478,57.60647932902301
SALS,8.148022048637861,60.33504304407268
SALS,8.690532254170941,63.04896278987219
SALS,8.777065412351357,63.477248341317356
SALS,9.319575617884437,66.13536217586679
SALS,9.76289058966349,68.28304208545907
SALS,9.849423747843904,68.70027762336612
SALS,10.391933953376984,71.26564621669432
SALS,10.835248925156037,73.34972631511224
SALS,11.278563896935088,75.34855686889163
SALS,11.72187886871414,77.31559953150396
SALS,11.808412026894555,77.69579607994007
SALS,12.251726998673606,79.61894799002609
SALS,12.696863126052213,81.54365868639849
SALS,13.140178097831262,83.45572458909712
SALS,13.585314225209869,85.37260879246107
SALS,14.030450352588478,87.27995937589726
SALS,14.572960558121558,89.58641068597134
SALS,15.016275529900607,91.46256652479506
SALS,15.55878573543369,93.75622494850036
SALS,16.218897749846654,96.52549769000987
SALS,16.30543090802707,96.88592063728322
SALS,16.74874587980612,98.72195045156393
SALS,17.19206085158517,100.55298824282909
SALS,17.852172865998135,103.21781442237709
SALS,18.295487837777184,105.00276200449667
SALS,18.837998043310265,107.18559654949408
SALS,19.281313015089317,108.94113374322389
SALS,19.823823220622398,111.07700218874659
SALS,19.91035637880281,111.4050952638623
SALS,19.996889536983222,111.73100525652761
SALS,20.442025664361832,113.39870068232287
SALS,20.984535869894913,115.42487247216648
SALS,21.071069028075325,115.7480069095734
SALS,21.15760218625574,116.07005826246078
SALS,21.244135344436156,116.38901370595936
SALS,21.330668502616568,116.70790537576762
SALS,21.417201660796984,117.02597724546932
SALS,21.503734818977396,117.34081889917626
SALS,22.16384683339036,119.72629597965336
SALS,22.60716180516941,121.2934577277497
SALS,22.693694963349824,121.59708444322906
SALS,23.13883109072843,123.15539511854688
SALS,23.68134129626151,125.04562870690164
SALS,24.22385150179459,126.91653669592026
SALS,24.766361707327675,128.78256010313262
SALS,25.42647372174064,131.03870084533105
SALS,25.51300687992105,131.33157405277652
SALS,25.95814300729966,132.83436198926856
SALS,26.044676165480073,133.12407289220965
SALS,26.131209323660492,133.4117033473321
SALS,26.574524295439545,134.84669489989273
SALS,27.01966042281815,136.27563825378027
SALS,27.56217062835123,138.00521413651612
SALS,28.222282642764192,140.09194847658443
SALS,28.764792848297272,141.7967143486531
SALS,28.85132600647769,142.06618565678863
SALS,29.393836212010772,143.7442435366418
SALS,29.48036937019119,144.0115430123546
SALS,30.14048138460415,146.03402980681426
SALS,30.800593399017117,148.0541124461484
SALS,31.343103604550198,149.68733308345807
SALS,32.00321561896316,151.66843998728697
SALS,32.66332763337613,153.6420517933272
SALS,33.32343964778909,155.59706861119224
SALS,33.40997280596951,155.8529562737048
SALS,33.85510893334811,157.1653237298092
SALS,34.51522094776108,159.10993075337825
SALS,35.17533296217404,161.0206265239043
SALS,35.835444976587006,162.92730151469104
SALS,36.37795518212009,164.49013722143943
SALS,36.4644883403005,164.73676661765882
SALS,36.55102149848092,164.97941141062535
SALS,37.21113351289388,166.82816193060273
SALS,37.297666671074296,167.0695611145197
SALS,37.95777868548726,168.90177873895587
SALS,38.40109365726631,170.11957406044345
SALS,38.48762681544673,170.35653842129275
SALS,39.14773882985969,172.15272149034814
SALS,39.690249035392775,173.61941641155755
SALS,39.77678219357319,173.8530812451911
SALS,40.22009716535224,175.04880422126877
SALS,40.663412137131296,176.24363937258556
SALS,41.10672710891034,177.43750283408582
SALS,41.76683912332331,179.20862106800783
SALS,41.853372281503724,179.43878130468525
SALS,42.3958824870368,180.87821012607068
SALS,42.84101861441541,182.0448445329554
SALS,43.50113062882837,183.77294295260648
SALS,44.16124264324134,185.4847995155107
SALS,44.70375284877442,186.89015015276755
SALS,45.148888976153025,188.0418480261243
SALS,45.59220394793208,189.17111157032838
SALS,46.03551891971112,190.2903771355482
SALS,46.12205207789154,190.50693539888016
SALS,46.5653670496706,191.6142865435737
SALS,47.0105031770492,192.7225602557353
SALS,47.670615191462154,194.3654193391346
SALS,48.115751318840765,195.45482614275505
SALS,48.55906629061981,196.53842897760754
SALS,49.21917830503277,198.14948566256354
SALS,49.87929031944573,199.75474271637697
SALS,50.53940233385868,201.3525595831727
SALS,51.19951434827165,202.942735048343
SALS,51.85962636268461,204.5240174741345
SALS,52.30294133446366,205.58453299668696
SALS,52.84545153999674,206.8658251515492
SALS,53.38796174552982,208.14451012926338
SALS,54.04807375994278,209.69177651493285
SALS,54.493209887321385,210.7295821121825
SALS,54.57974304550179,210.93128939585668
SALS,55.024879172880404,211.96642588269995
SALS,55.56738937841348,213.21984598848587
SALS,56.109899583946564,214.4691396081526
SALS,56.770011598359524,215.97473691426936
SALS,57.3125218038926,217.20750803925262
SALS,57.97263381830556,218.69486511121585
SALS,58.63274583271853,220.17960220179495
SALS,59.29285784713147,221.65221939636504
SALS,59.73799397451008,222.64509946077658
SALS,60.39810598892304,224.1169776898408
SALS,61.05821800333601,225.56190938882628
SALS,61.718330017748954,226.99513483733358
SALS,62.260840223282045,228.15636120866847
SALS,62.920952237695005,229.56332155922794
SALS,63.58106425210796,230.949923173598
SALS,64.12357445764104,232.0832228031969
SALS,64.783686472054,233.45527083872136
SALS,65.44379848646696,234.82196539019066
SALS,65.98630869200004,235.9451482633484
SALS,66.43144481937865,236.86603572423147
SALS,67.0915568337916,238.22837436463755
SALS,67.63406703932469,239.3421966910874
SALS,68.17657724485777,240.45343408694606
SALS,68.61989221663681,241.34562031820678
SALS,69.28000423104977,242.6720221654789
SALS,69.72331920282883,243.5530002165381
SALS,70.16845533020744,244.4365869404177
SALS,70.61177030198648,245.3123116233721
SALS,71.05508527376553,246.18276112670247
SALS,71.50022140114413,247.05361134553755
SALS,71.94535752852275,247.92230806985182
SALS,72.03189068670315,248.0907207231972
SALS,72.47702681408175,248.95504721838827
SALS,72.56355997226217,249.12229331906877
SALS,73.00687494404123,249.9732460918932
SALS,73.09340810222163,250.13895827202023
SALS,73.63591830775471,251.16351825201778
SALS,74.08105443513332,252.00162468306343
SALS,74.52619056251191,252.83470558826113
SALS,74.97132668989053,253.66646222562477
SALS,75.51383689542361,254.67387519081507
SALS,75.95897302280221,255.4952381115619
SALS,76.04550618098263,255.65477492895448
SALS,76.49064230836122,256.46023692466827
SALS,76.93577843573983,257.2582180056018
SALS,77.5958904501528,258.44086729463356
SALS,78.13840065568587,259.4117158882556
SALS,78.79851267009883,260.59152707486624
SALS,79.45862468451179,261.762576914284
SALS,80.11873669892475,262.9294628000787
SALS,80.56387282630335,263.7121985053484
SALS,80.65040598448377,263.8640860314151
SALS,81.09554211186237,264.6282029092724
SALS,81.63805231739545,265.5499378409061
SALS,82.08318844477405,266.2973136559585
SALS,82.52832457215266,267.0427245124632
SALS,82.9716395439317,267.78097708660056
SALS,83.63175155834467,268.8760151048183
SALS,84.17426176387775,269.7631386085138
SALS,84.83437377829071,270.84112302721815
SALS,85.27950990566931,271.5632339954759
SALS,85.82202011120239,272.4376383382
SALS,86.267156238581,273.15504181269023
SALS,86.71229236595961,273.8599410887723
SALS,87.25480257149269,274.7149299799337
SALS,87.91491458590565,275.72015807196703
SALS,88.36005071328425,276.38986864817974
SALS,88.90256091881733,277.20572519152125
SALS,89.56267293323029,278.18546438272284
SALS,90.22278494764325,279.129712740549
SALS,90.66792107502185,279.7628377532343
SALS,91.21043128055494,280.52608662616234
SALS,91.8705432949679,281.45091879293955
SALS,91.9570764531483,281.5698326229594
SALS,92.04360961132872,281.6884324099148
SALS,92.48692458310776,282.2881772841145
SALS,92.93023955488682,282.8869504842233
SALS,93.4727497604199,283.6050428399526
SALS,93.91788588779852,284.19178911641376
SALS,94.57799790221148,285.056256772072
SALS,95.02313402959008,285.63714864338476
SALS,95.56564423512317,286.3424414156849
SALS,96.01078036250176,286.91958015001063
SALS,96.45591648988038,287.4955831366853
SALS,96.90105261725898,288.06782171211125
SALS,97.56116463167194,288.91399048797587
SALS,98.00447960345102,289.47386411725006
SALS,98.44961573082962,290.02322013370093
SALS,98.89475185820822,290.5716561451309
SALS,99.5548638726212,291.32946945117567
SALS,99.9999999999998,291.82044474293
