scenario,method,area_Mha,TWh,TWp,CF,retention_prod
baseline,AV static,29.059423955000003,6353.5055237135,3.717940952536794,0.19507733660855608,0.9113493625562186
baseline,Seasonal sharing,29.059423955000003,10949.268380433172,10.19871435234255,0.122556279017415,0.9024893848195958
baseline,Phenology rule,29.059423955000003,13023.290937184584,10.435138630118434,0.14246835622603873,0.9024357985719608
baseline,Stress rule,29.059423955000003,11010.062235119325,7.7549068525924305,0.16207240698371614,0.9065020914742129
baseline,SALS,29.059423955000003,14409.708614963847,10.591508141316934,0.15530780733679922,0.9025218277250551
+3C,AV static,29.059423955000003,6906.842649460633,4.089660554844879,0.19279163800289303,0.9092933952671259
+3C,Seasonal sharing,29.059423955000003,11236.298794197968,10.544760667144857,0.1216416902424109,0.901719007147294
+3C,Phenology rule,29.059423955000003,14456.224219645446,11.03456515807712,0.1495531434824381,0.9002100783431947
+3C,Stress rule,29.059423955000003,11086.526891544652,7.434674825432778,0.1702273860401399,0.9039446111679974
+3C,SALS,29.059423955000003,15960.437281153612,11.273456044915182,0.16161572093775756,0.9001164679030318
