crop,scenario,system,change
wheat,baseline,Open field,0.0
wheat,+1.5C,Open field,1.4667155305411406
wheat,+2C,Open field,2.411185075635247
wheat,+3C,Open field,3.6201892932145707
wheat,baseline,AV static (rule),-5.400301264368168
wheat,+1.5C,AV static (rule),-4.029567236152176
wheat,+2C,AV static (rule),-3.15035429560252
wheat,+3C,AV static (rule),-2.058672832948949
wheat,baseline,SALS,-11.51383721773226
wheat,+1.5C,SALS,-10.994385282739994
wheat,+2C,SALS,-10.475315495327841
wheat,+3C,SALS,-10.072072103620188
rice,baseline,Open field,0.0
rice,+1.5C,Open field,-8.001534828028268
rice,+2C,Open field,-10.146607409662089
rice,+3C,Open field,-17.36258163242004
rice,baseline,AV static (rule),-9.712022818894495
rice,+1.5C,AV static (rule),-16.239278436972427
rice,+2C,AV static (rule),-17.856747085303404
rice,+3C,AV static (rule),-23.613990764012126
rice,baseline,SALS,-10.029585430358335
rice,+1.5C,SALS,-17.47834122914914
rice,+2C,SALS,-19.39937602857227
rice,+3C,SALS,-25.61916250069275
maize,baseline,Open field,0.0
maize,+1.5C,Open field,-6.932201700218266
maize,+2C,Open field,-10.250985607105967
maize,+3C,Open field,-17.719529350564144
maize,baseline,AV static (rule),-10.158391737208838
maize,+1.5C,AV static (rule),-15.37481968988218
maize,+2C,AV static (rule),-18.11282868694166
maize,+3C,AV static (rule),-24.336619479946954
maize,baseline,SALS,-7.523842481747078
maize,+1.5C,SALS,-13.314120996776268
maize,+2C,SALS,-16.27320206336662
maize,+3C,SALS,-22.923695238034092
soybean,baseline,Open field,0.0
soybean,+1.5C,Open field,-2.074473801327814
soybean,+2C,Open field,-1.9187352648264544
soybean,+3C,Open field,-3.146375765548426
soybean,baseline,AV static (rule),-11.64837247922641
soybean,+1.5C,AV static (rule),-12.845568248526206
soybean,+2C,AV static (rule),-12.462088387908077
soybean,+3C,AV static (rule),-13.141703596549792
soybean,baseline,SALS,-8.742989946518664
soybean,+1.5C,SALS,-10.710759356271149
soybean,+2C,SALS,-10.540621910527804
soybean,+3C,SALS,-11.687985071164618
potato,baseline,Open field,0.0
potato,+1.5C,Open field,5.27265065597049
potato,+2C,Open field,7.376064459360432
potato,+3C,Open field,10.316587355131702
potato,baseline,AV static (rule),-4.608275335305622
potato,+1.5C,AV static (rule),0.645466168941744
potato,+2C,AV static (rule),2.718813432256284
potato,+3C,AV static (rule),5.641638893458856
potato,baseline,SALS,-10.166008889736556
potato,+1.5C,SALS,-5.810469176973321
potato,+2C,SALS,-4.176857294330749
potato,+3C,SALS,-2.100356667106784
